Body,Body Name,Transaction No,Invoice Ref.,Vendor Name,Expense,,Expense Type,Payment Date,Amount
http://statistics.data.gov.uk/id/local-authority-district/23UB,Cheltenham Borough Council,14009377,523,1MB Cabling Solutions Limited,R4548,HLD101,IT - Cabling and Network,04/01/2013,£890.00
http://statistics.data.gov.uk/id/local-authority-district/23UB,Cheltenham Borough Council,14009574,153896,A & E Fire Equipment Limited,R2083,REC101,R&M of Build - Routine,04/01/2013,£449.48
http://statistics.data.gov.uk/id/local-authority-district/23UB,Cheltenham Borough Council,14009498,154614,A & E Fire Equipment Limited,C1107,CAH015,Building Works,04/01/2013,£584.00
http://statistics.data.gov.uk/id/local-authority-district/23UB,Cheltenham Borough Council,14010473,2013013,Adlib Information Systems Limited,R4028,CUL107,Collections,25/01/2013,"£2,108.85"
http://statistics.data.gov.uk/id/local-authority-district/23UB,Cheltenham Borough Council,14010471,12/1759,Adrian Sassoon (Art Dealer),R4013,CUL107,Exhibition Supplies,22/01/2013,"£1,000.00"
http://statistics.data.gov.uk/id/local-authority-district/23UB,Cheltenham Borough Council,14010471,12/1759,Adrian Sassoon (Art Dealer),R4013,CUL107,Exhibition Supplies,22/01/2013,"£2,000.00"
http://statistics.data.gov.uk/id/local-authority-district/23UB,Cheltenham Borough Council,14009711,25124,Allhands Limited T/A Harrold Jones Services,R2045,HRA100,R & M of Build Door Entry,14/01/2013,"£2,581.31"
http://statistics.data.gov.uk/id/local-authority-district/23UB,Cheltenham Borough Council,14009749,25967,Allhands Limited T/A Harrold Jones Services,C1107,CAH010,Building Works,04/01/2013,"£35,731.35"
http://statistics.data.gov.uk/id/local-authority-district/23UB,Cheltenham Borough Council,14010187,26030,Allhands Limited T/A Harrold Jones Services,C1107,CAH005,Building Works,25/01/2013,"£14,080.44"
http://statistics.data.gov.uk/id/local-authority-district/23UB,Cheltenham Borough Council,14010567,56218,Alpha Colour Printers Limited,R4303,TRW001,Printing - Other Consumables,25/01/2013,"£1,037.00"
http://statistics.data.gov.uk/id/local-authority-district/23UB,Cheltenham Borough Council,14010265,911,AMPM247.com Limited,C1100,CAP106,Construction,25/01/2013,"£10,103.96"
http://statistics.data.gov.uk/id/local-authority-district/23UB,Cheltenham Borough Council,14009735,805,Anderson Civil Engineering UK Limited,R5001,EMP001,TPP - Major External Contractors,04/01/2013,"£3,400.50"
http://statistics.data.gov.uk/id/local-authority-district/23UB,Cheltenham Borough Council,14009735,805,Anderson Civil Engineering UK Limited,R5001,EMP001,TPP - Major External Contractors,04/01/2013,£750.00
http://statistics.data.gov.uk/id/local-authority-district/23UB,Cheltenham Borough Council,14010191,808,Anderson Civil Engineering UK Limited,R5001,EMP001,TPP - Major External Contractors,22/01/2013,£600.00
http://statistics.data.gov.uk/id/local-authority-district/23UB,Cheltenham Borough Council,14010191,808,Anderson Civil Engineering UK Limited,R5001,EMP001,TPP - Major External Contractors,22/01/2013,"£1,301.63"
http://statistics.data.gov.uk/id/local-authority-district/23UB,Cheltenham Borough Council,14010655,810,Anderson Civil Engineering UK Limited,R5001,EMP001,TPP - Major External Contractors,25/01/2013,£425.00
http://statistics.data.gov.uk/id/local-authority-district/23UB,Cheltenham Borough Council,14010655,810,Anderson Civil Engineering UK Limited,R5001,EMP001,TPP - Major External Contractors,25/01/2013,"£1,196.00"
http://statistics.data.gov.uk/id/local-authority-district/23UB,Cheltenham Borough Council,14009075,TC/YOUR FUTURE /TRAVELDEC12,Antonia Cook (Drama/Arts),R4400,CUL001,Services - Professional Fees,04/01/2013,£720.00
http://statistics.data.gov.uk/id/local-authority-district/23UB,Cheltenham Borough Council,14010008,THCIS OCT-DEC,AON Limited - Tenant Insurance,R9925,HRA901,Tenant Insurance Scheme Payments,14/01/2013,"£6,802.04"
http://statistics.data.gov.uk/id/local-authority-district/23UB,Cheltenham Borough Council,14009905,11081,Artful Limited,R4317,DEV001,Non Staff Advertising,14/01/2013,"£2,289.04"
http://statistics.data.gov.uk/id/local-authority-district/23UB,Cheltenham Borough Council,14009507,11494,Ashdown Supplies,R4000,CCM001,Equipment Purchase,14/01/2013,"£1,147.50"
http://statistics.data.gov.uk/id/local-authority-district/23UB,Cheltenham Borough Council,14008614,86324,Barcham Trees plc,R2070,PLP006,Tree Work,14/01/2013,"£2,509.70"
http://statistics.data.gov.uk/id/local-authority-district/23UB,Cheltenham Borough Council,14008614,86324,Barcham Trees plc,R2070,HRA110,Tree Work,14/01/2013,£187.00
http://statistics.data.gov.uk/id/local-authority-district/23UB,Cheltenham Borough Council,14008614,86324,Barcham Trees plc,R2070,CPK001,Tree Work,14/01/2013,£93.00
http://statistics.data.gov.uk/id/local-authority-district/23UB,Cheltenham Borough Council,14010490,2453,Bath Road Traders Association,R6280,ECD001,Grants,22/01/2013,"£2,929.63"
http://statistics.data.gov.uk/id/local-authority-district/23UB,Cheltenham Borough Council,14009950,B527/7382,Beam Construction (Cheltenham) Limited,C1107,CAH015,Building Works,14/01/2013,"£12,115.77"
http://statistics.data.gov.uk/id/local-authority-district/23UB,Cheltenham Borough Council,14010672,INV396819,Bottomline Technologies Europe Limited (Security Print),R4300,SUP012,Printing - Services,25/01/2013,£573.02
http://statistics.data.gov.uk/id/local-authority-district/23UB,Cheltenham Borough Council,14009759,47SI 641222,Brenntag UK Limited,R4007,REC101,Materials - Chemicals,04/01/2013,£958.54
http://statistics.data.gov.uk/id/local-authority-district/23UB,Cheltenham Borough Council,14009759,47SI 641222,Brenntag UK Limited,R4007,REC101,Materials - Chemicals,04/01/2013,£45.00
http://statistics.data.gov.uk/id/local-authority-district/23UB,Cheltenham Borough Council,14009759,47SI 641222,Brenntag UK Limited,R4007,REC101,Materials - Chemicals,04/01/2013,£136.00
http://statistics.data.gov.uk/id/local-authority-district/23UB,Cheltenham Borough Council,14009959,47SI 642159,Brenntag UK Limited,R4007,REC101,Materials - Chemicals,22/01/2013,£684.50
http://statistics.data.gov.uk/id/local-authority-district/23UB,Cheltenham Borough Council,14009531,3644343806,Bristol City Council,R4401,CUL106,Services - Fees and Charges,14/01/2013,£657.20
http://statistics.data.gov.uk/id/local-authority-district/23UB,Cheltenham Borough Council,14009921,59065358/1,British Gas Business - Electricity Payments,R2100,FIE040,Electricity,14/01/2013,£452.12
http://statistics.data.gov.uk/id/local-authority-district/23UB,Cheltenham Borough Council,14009955,193483,Bryland Fire Protection Limited,C1107,CAH015,Building Works,14/01/2013,"£3,352.70"
http://statistics.data.gov.uk/id/local-authority-district/23UB,Cheltenham Borough Council,14010405,9202,Business Furniture Direct Limited,R4000,SUP040,Equipment Purchase,21/01/2013,£511.00
http://statistics.data.gov.uk/id/local-authority-district/23UB,Cheltenham Borough Council,14010285,UK10/012013/9413,Cable & Wireless UK,R7001,SUP005,ICT,25/01/2013,"£2,541.70"
http://statistics.data.gov.uk/id/local-authority-district/23UB,Cheltenham Borough Council,14009818,SP6653,Cambridge Econometrics Limited,R4400,PLP101,Services - Professional Fees,14/01/2013,"£4,087.00"
http://statistics.data.gov.uk/id/local-authority-district/23UB,Cheltenham Borough Council,14010512,4608,Cambridge University Technical Services Limited (CUTS),R4400,PLP101,Services - Professional Fees,25/01/2013,"£8,200.00"
http://statistics.data.gov.uk/id/local-authority-district/23UB,Cheltenham Borough Council,14010132,92768220,Capita Symonds Limited,R4400,PLP101,Services - Professional Fees,14/01/2013,"£5,261.00"
http://statistics.data.gov.uk/id/local-authority-district/23UB,Cheltenham Borough Council,14010593,40S SALAMANCA ROAD,Care and Repair (Stroud) Limited,C5000,CAP221,Grants,25/01/2013,"£3,700.23"
http://statistics.data.gov.uk/id/local-authority-district/23UB,Cheltenham Borough Council,14009926,201200000503/97110,CBRE Limited,R2202,HRA110,Property Rental,14/01/2013,"£13,250.00"
http://statistics.data.gov.uk/id/local-authority-district/23UB,Cheltenham Borough Council,14009926,201200000503/97110,CBRE Limited,R2202,HRA110,Property Rental,14/01/2013,"£3,927.00"
http://statistics.data.gov.uk/id/local-authority-district/23UB,Cheltenham Borough Council,14009508,26746,CDK Castings Limited T/A Arkell & Hurcombe,R4011,CCM001,Goods For Reasle,04/01/2013,£520.00
http://statistics.data.gov.uk/id/local-authority-district/23UB,Cheltenham Borough Council,14010618,36210,Cheltenham Animal Shelter,R4401,REG003,Services - Fees and Charges,25/01/2013,"£1,913.25"
http://statistics.data.gov.uk/id/local-authority-district/23UB,Cheltenham Borough Council,14009557,CHELTDW/11/2012,Cheltenham Animal Shelter,R4401,REG003,Services - Fees and Charges,04/01/2013,£531.00
http://statistics.data.gov.uk/id/local-authority-district/23UB,Cheltenham Borough Council,14010619,CHELTDW/12/2013,Cheltenham Animal Shelter,R4401,REG003,Services - Fees and Charges,25/01/2013,£846.00
http://statistics.data.gov.uk/id/local-authority-district/23UB,Cheltenham Borough Council,14010370,01/02/2013,Cheltenham Poetry Festival C.I.C.,R6280,ECD001,Grants,25/01/2013,"£1,500.00"
http://statistics.data.gov.uk/id/local-authority-district/23UB,Cheltenham Borough Council,14008193,C/RB113093,Civica UK Limited,R4531,LTC011,IT - Purchase of Software,22/01/2013,"£2,400.00"
http://statistics.data.gov.uk/id/local-authority-district/23UB,Cheltenham Borough Council,14010223,5488,"Clarke, Nicholls & Marcel Limited (CNM)",R2004,CUL002,R & M of Build Programmed,22/01/2013,"£1,250.00"
http://statistics.data.gov.uk/id/local-authority-district/23UB,Cheltenham Borough Council,14010183,451782,Clearwater Technology Limited,R2048,HRA100,R & M of Build Legionellla,22/01/2013,"£1,080.00"
http://statistics.data.gov.uk/id/local-authority-district/23UB,Cheltenham Borough Council,14010128,523637,Comensura Limited,R1100,CPK012,Agency Staff,25/01/2013,£651.45
http://statistics.data.gov.uk/id/local-authority-district/23UB,Cheltenham Borough Council,14010128,523637,Comensura Limited,R1100,CPK012,Agency Staff,25/01/2013,£395.42
http://statistics.data.gov.uk/id/local-authority-district/23UB,Cheltenham Borough Council,14010128,523637,Comensura Limited,R1100,CPK012,Agency Staff,25/01/2013,£464.25
http://statistics.data.gov.uk/id/local-authority-district/23UB,Cheltenham Borough Council,14010128,523637,Comensura Limited,R1100,CPK012,Agency Staff,25/01/2013,£198.82
http://statistics.data.gov.uk/id/local-authority-district/23UB,Cheltenham Borough Council,14010128,523637,Comensura Limited,R1100,CPK012,Agency Staff,25/01/2013,£305.67
http://statistics.data.gov.uk/id/local-authority-district/23UB,Cheltenham Borough Council,14010128,523637,Comensura Limited,R1100,CPK012,Agency Staff,25/01/2013,£940.10
http://statistics.data.gov.uk/id/local-authority-district/23UB,Cheltenham Borough Council,14010128,523637,Comensura Limited,R1100,ADB101,Agency Staff,25/01/2013,£167.52
http://statistics.data.gov.uk/id/local-authority-district/23UB,Cheltenham Borough Council,14010128,523637,Comensura Limited,R1100,HLD102,Agency Staff,25/01/2013,£433.62
http://statistics.data.gov.uk/id/local-authority-district/23UB,Cheltenham Borough Council,14009491,SIT103647,Commercial IT services Limited (IT Purchases),R4534,SUP101,IT - Maint Agreements,14/01/2013,"£14,885.00"
http://statistics.data.gov.uk/id/local-authority-district/23UB,Cheltenham Borough Council,14009989,11521,Complete Climate Solutions,R2004,FIE040,R & M of Build Programmed,14/01/2013,£510.00
http://statistics.data.gov.uk/id/local-authority-district/23UB,Cheltenham Borough Council,14009989,11521,Complete Climate Solutions,R2004,FIE040,R & M of Build Programmed,14/01/2013,£180.00
http://statistics.data.gov.uk/id/local-authority-district/23UB,Cheltenham Borough Council,14009513,3804390560,Computacenter (UK) Limited,R4530,HLD101,IT - Purchase of Hardware,04/01/2013,"£4,098.15"
http://statistics.data.gov.uk/id/local-authority-district/23UB,Cheltenham Borough Council,14009981,3804416352,Computacenter (UK) Limited,R4530,HLD101,IT - Purchase of Hardware,25/01/2013,£936.72
http://statistics.data.gov.uk/id/local-authority-district/23UB,Cheltenham Borough Council,14010645,3804434530,Computacenter (UK) Limited,R4530,HBA001,IT - Purchase of Hardware,25/01/2013,£514.92
http://statistics.data.gov.uk/id/local-authority-district/23UB,Cheltenham Borough Council,14009515,10 12/13,Contemporary Art Society,R4701,CUL107,Subscriptions,04/01/2013,"£1,350.00"
http://statistics.data.gov.uk/id/local-authority-district/23UB,Cheltenham Borough Council,14009949,1451,Coombs Property Services Limited,C1107,CAH015,Building Works,14/01/2013,£780.00
http://statistics.data.gov.uk/id/local-authority-district/23UB,Cheltenham Borough Council,14009949,1451,Coombs Property Services Limited,C1107,CAH015,Building Works,14/01/2013,"£3,992.54"
http://statistics.data.gov.uk/id/local-authority-district/23UB,Cheltenham Borough Council,14010193,1017,Core Business Systems Limited,R4531,REC101,IT - Purchase of Software,25/01/2013,"£2,990.00"
http://statistics.data.gov.uk/id/local-authority-district/23UB,Cheltenham Borough Council,14009925,C22417,Cotswold Drain Service Limited,R5001,EMP001,TPP - Major External Contractors,22/01/2013,£420.00
http://statistics.data.gov.uk/id/local-authority-district/23UB,Cheltenham Borough Council,14009761,C22445,Cotswold Drain Service Limited,R2075,OPS001,Grounds Maintenance - Contract,04/01/2013,£560.00
http://statistics.data.gov.uk/id/local-authority-district/23UB,Cheltenham Borough Council,14009544,1297,County Community Projects (CCP),R6280,PSH001,Grants,04/01/2013,"£1,709.20"
http://statistics.data.gov.uk/id/local-authority-district/23UB,Cheltenham Borough Council,14009540,1298,County Community Projects (CCP),R6280,PSH001,Grants,04/01/2013,"£4,975.74"
http://statistics.data.gov.uk/id/local-authority-district/23UB,Cheltenham Borough Council,14009543,1302,County Community Projects (CCP),R6280,GBD103,Grants,04/01/2013,"£54,092.83"
http://statistics.data.gov.uk/id/local-authority-district/23UB,Cheltenham Borough Council,14010209,1360,County Community Projects (CCP),R6280,PSH001,Grants,22/01/2013,"£1,709.20"
http://statistics.data.gov.uk/id/local-authority-district/23UB,Cheltenham Borough Council,14010210,1361,County Community Projects (CCP),R6280,PSH001,Grants,22/01/2013,"£4,975.74"
http://statistics.data.gov.uk/id/local-authority-district/23UB,Cheltenham Borough Council,14010365,A8853,Courier and Transport Services (CATS),R2020,HRA100,R & M of Build Tenant Reward Scheme,25/01/2013,£475.00
http://statistics.data.gov.uk/id/local-authority-district/23UB,Cheltenham Borough Council,14010366,A8860,Courier and Transport Services (CATS),R2020,HRA100,R & M of Build Tenant Reward Scheme,25/01/2013,£465.00
http://statistics.data.gov.uk/id/local-authority-district/23UB,Cheltenham Borough Council,14009538,RG01,Creative Solutions,R6280,GBD001,Grants,04/01/2013,"£2,000.00"
http://statistics.data.gov.uk/id/local-authority-district/23UB,Cheltenham Borough Council,14009555,918509345,Cryoservice Limited,R2007,REC101,R & M of Plant Contracts,04/01/2013,£482.43
http://statistics.data.gov.uk/id/local-authority-district/23UB,Cheltenham Borough Council,14010657,1240,D A Jones Landscapes,R2075,OPS001,Grounds Maintenance - Contract,31/01/2013,"£1,200.00"
http://statistics.data.gov.uk/id/local-authority-district/23UB,Cheltenham Borough Council,14010657,1240,D A Jones Landscapes,R2075,OPS001,Grounds Maintenance - Contract,31/01/2013,£394.88
http://statistics.data.gov.uk/id/local-authority-district/23UB,Cheltenham Borough Council,14009741,1114,D W Brookes (Resurfacing Limited),R2075,OPS004,Grounds Maintenance - Contract,14/01/2013,£85.00
http://statistics.data.gov.uk/id/local-authority-district/23UB,Cheltenham Borough Council,14009741,1114,D W Brookes (Resurfacing Limited),R2075,OPS004,Grounds Maintenance - Contract,14/01/2013,"£1,230.00"
http://statistics.data.gov.uk/id/local-authority-district/23UB,Cheltenham Borough Council,14009742,1115,D W Brookes (Resurfacing Limited),C4000,CAP101,Acquisition of Equipment,14/01/2013,"£1,240.00"
http://statistics.data.gov.uk/id/local-authority-district/23UB,Cheltenham Borough Council,14009743,1116,D W Brookes (Resurfacing Limited),R4000,OPS002,Equipment Purchase,14/01/2013,£380.30
http://statistics.data.gov.uk/id/local-authority-district/23UB,Cheltenham Borough Council,14009743,1116,D W Brookes (Resurfacing Limited),R2075,ENF102,Grounds Maintenance - Contract,14/01/2013,£804.70
http://statistics.data.gov.uk/id/local-authority-district/23UB,Cheltenham Borough Council,14010147,28148968,Davis Langdon LLP,C1005,CAP121,Surveyors Fees,22/01/2013,"£1,000.00"
http://statistics.data.gov.uk/id/local-authority-district/23UB,Cheltenham Borough Council,14010147,28148968,Davis Langdon LLP,C6002,CAP121,Fees - Agency,22/01/2013,"£8,615.00"
http://statistics.data.gov.uk/id/local-authority-district/23UB,Cheltenham Borough Council,14010169,111487,DG Pool and Leisure Limited,R2007,REC101,R & M of Plant Contracts,25/01/2013,"£1,146.00"
http://statistics.data.gov.uk/id/local-authority-district/23UB,Cheltenham Borough Council,14009745,BD5372,Direct Publicity Limited,R4317,CUL102,Non Staff Advertising,04/01/2013,£630.00
http://statistics.data.gov.uk/id/local-authority-district/23UB,Cheltenham Borough Council,14010252,873311,Disclosure & Barring Service,R4401,HLD101,Services - Fees and Charges,25/01/2013,£132.00
http://statistics.data.gov.uk/id/local-authority-district/23UB,Cheltenham Borough Council,14010252,873311,Disclosure & Barring Service,R4401,REG002,Services - Fees and Charges,25/01/2013,£308.00
http://statistics.data.gov.uk/id/local-authority-district/23UB,Cheltenham Borough Council,14010252,873311,Disclosure & Barring Service,R4401,REC101,Services - Fees and Charges,25/01/2013,£158.00
http://statistics.data.gov.uk/id/local-authority-district/23UB,Cheltenham Borough Council,14010252,873311,Disclosure & Barring Service,R4401,SUP040,Services - Fees and Charges,25/01/2013,£44.00
http://statistics.data.gov.uk/id/local-authority-district/23UB,Cheltenham Borough Council,14010172,DG 3053,Dive Gym Equipment Limited,R2007,REC101,R & M of Plant Contracts,22/01/2013,£495.00
http://statistics.data.gov.uk/id/local-authority-district/23UB,Cheltenham Borough Council,14010172,DG 3053,Dive Gym Equipment Limited,R2007,REC101,R & M of Plant Contracts,22/01/2013,£14.80
http://statistics.data.gov.uk/id/local-authority-district/23UB,Cheltenham Borough Council,14010172,DG 3053,Dive Gym Equipment Limited,R2007,REC101,R & M of Plant Contracts,22/01/2013,£66.50
http://statistics.data.gov.uk/id/local-authority-district/23UB,Cheltenham Borough Council,14010172,DG 3053,Dive Gym Equipment Limited,R2007,REC101,R & M of Plant Contracts,22/01/2013,£8.50
http://statistics.data.gov.uk/id/local-authority-district/23UB,Cheltenham Borough Council,14010172,DG 3053,Dive Gym Equipment Limited,R2007,REC101,R & M of Plant Contracts,22/01/2013,£8.48
http://statistics.data.gov.uk/id/local-authority-district/23UB,Cheltenham Borough Council,14009530,4880,Doug Gobey Transport Limited,R3300,CUL107,Public Transport,14/01/2013,"£1,300.00"
http://statistics.data.gov.uk/id/local-authority-district/23UB,Cheltenham Borough Council,14010474,2450,Dr Lyle & Partners,R4401,CCM001,Services - Fees and Charges,25/01/2013,"£8,800.00"
http://statistics.data.gov.uk/id/local-authority-district/23UB,Cheltenham Borough Council,14009536,301267/11/2012,Ener-G Combined Power (South) Limited,R2100,REC101,Electricity,04/01/2013,"£4,133.08"
http://statistics.data.gov.uk/id/local-authority-district/23UB,Cheltenham Borough Council,14010182,GM1HOB01/3,English Landscapes Limited t/a The Landscape Group,C1107,CAH005,Building Works,25/01/2013,"£96,778.10"
http://statistics.data.gov.uk/id/local-authority-district/23UB,Cheltenham Borough Council,14009815,WM003160,English Landscapes Limited t/a The Landscape Group,C1107,CAH005,Building Works,14/01/2013,"£4,860.26"
http://statistics.data.gov.uk/id/local-authority-district/23UB,Cheltenham Borough Council,14009951,3462,Environmental Management Solutions Limited,C1107,CAH012,Building Works,14/01/2013,"£9,483.00"
http://statistics.data.gov.uk/id/local-authority-district/23UB,Cheltenham Borough Council,14010466,INV66268,Escape Fitness Limited,R4000,REC101,Equipment Purchase,25/01/2013,£498.60
http://statistics.data.gov.uk/id/local-authority-district/23UB,Cheltenham Borough Council,14009904,16108,Evans Jones LLP,R4420,DEV001,Legal Expenses And Court Costs,14/01/2013,"£1,500.00"
http://statistics.data.gov.uk/id/local-authority-district/23UB,Cheltenham Borough Council,14010404,16115,Evans Jones LLP,C1107,CAH003,Building Works,25/01/2013,£859.78
http://statistics.data.gov.uk/id/local-authority-district/23UB,Cheltenham Borough Council,14009760,1400641I,Experian QAS Limited,R4531,SUP101,IT - Purchase of Software,14/01/2013,"£1,700.00"
http://statistics.data.gov.uk/id/local-authority-district/23UB,Cheltenham Borough Council,14009737,20698,F G Marshall Limited,R4011,CCM001,Goods For Reasle,04/01/2013,£470.96
http://statistics.data.gov.uk/id/local-authority-district/23UB,Cheltenham Borough Council,14009737,20698,F G Marshall Limited,R4011,CCM001,Goods For Reasle,04/01/2013,£17.75
http://statistics.data.gov.uk/id/local-authority-district/23UB,Cheltenham Borough Council,14009789,F0765cth,Fosters Rooms Limited,R4100,CUL110,Catering - Refreshments,04/01/2013,£248.70
http://statistics.data.gov.uk/id/local-authority-district/23UB,Cheltenham Borough Council,14009789,F0765cth,Fosters Rooms Limited,R4100,CUL110,Catering - Refreshments,04/01/2013,£116.06
http://statistics.data.gov.uk/id/local-authority-district/23UB,Cheltenham Borough Council,14009789,F0765cth,Fosters Rooms Limited,R4100,CUL110,Catering - Refreshments,04/01/2013,£223.83
http://statistics.data.gov.uk/id/local-authority-district/23UB,Cheltenham Borough Council,14009789,F0765cth,Fosters Rooms Limited,R4100,CUL110,Catering - Refreshments,04/01/2013,£66.32
http://statistics.data.gov.uk/id/local-authority-district/23UB,Cheltenham Borough Council,14009789,F0765cth,Fosters Rooms Limited,R4100,CUL110,Catering - Refreshments,04/01/2013,£298.44
http://statistics.data.gov.uk/id/local-authority-district/23UB,Cheltenham Borough Council,14010309,FO810cth,Fosters Rooms Limited,R4101,CUL110,Catering - Hospitality,22/01/2013,"£9,512.00"
http://statistics.data.gov.uk/id/local-authority-district/23UB,Cheltenham Borough Council,14009953,433,Frontline Communication,R4317,CUL107,Non Staff Advertising,14/01/2013,"£3,300.00"
http://statistics.data.gov.uk/id/local-authority-district/23UB,Cheltenham Borough Council,14009952,GP12/002942,G Purchase Construction Limited,C1107,CAH003,Building Works,14/01/2013,"£80,135.23"
http://statistics.data.gov.uk/id/local-authority-district/23UB,Cheltenham Borough Council,14009734,138,Gaskins Treework Specialists,R2075,ENF102,Grounds Maintenance - Contract,14/01/2013,"£3,200.00"
http://statistics.data.gov.uk/id/local-authority-district/23UB,Cheltenham Borough Council,14010483,140,Gaskins Treework Specialists,R2070,HRA110,Tree Work,25/01/2013,£630.00
http://statistics.data.gov.uk/id/local-authority-district/23UB,Cheltenham Borough Council,14010335,5/1233910.00,George Bence & Sons (Cheltenham) Limited,R2106,FIE040,Energy Consrvation,22/01/2013,"£1,848.57"
http://statistics.data.gov.uk/id/local-authority-district/23UB,Cheltenham Borough Council,14009308,598493,Global Radio Services Limited,R6280,ECD001,Grants,25/01/2013,"£1,134.59"
http://statistics.data.gov.uk/id/local-authority-district/23UB,Cheltenham Borough Council,14010001,3552,Gloucestershire Association for Voluntary & Community Action (GAVCA),R6280,GBD001,Grants,14/01/2013,"£5,000.00"
http://statistics.data.gov.uk/id/local-authority-district/23UB,Cheltenham Borough Council,14010002,3642,Gloucestershire Association for Voluntary & Community Action (GAVCA),R6280,GBD001,Grants,14/01/2013,"£17,000.00"
http://statistics.data.gov.uk/id/local-authority-district/23UB,Cheltenham Borough Council,14010130,1800256350,Gloucestershire County Council,R6280,PSH001,Grants,22/01/2013,"£7,975.00"
http://statistics.data.gov.uk/id/local-authority-district/23UB,Cheltenham Borough Council,14010563,1800259704,Gloucestershire County Council,R4401,BUC004,Services - Fees and Charges,25/01/2013,"£10,859.54"
http://statistics.data.gov.uk/id/local-authority-district/23UB,Cheltenham Borough Council,14007772,800003710,Gloucestershire Local Government Pension Scheme (LGPS),R1301,HOS004,Enhanced Pension,14/01/2013,"£9,608.13"
http://statistics.data.gov.uk/id/local-authority-district/23UB,Cheltenham Borough Council,14010176,3734,Goldingham Contracts Limited,R2075,CCM001,Grounds Maintenance - Contract,22/01/2013,£519.00
http://statistics.data.gov.uk/id/local-authority-district/23UB,Cheltenham Borough Council,14009691,53259,Gooch Group Limited,R2701,HRA110,Window Cleaning,04/01/2013,£555.00
http://statistics.data.gov.uk/id/local-authority-district/23UB,Cheltenham Borough Council,14009792,6716159,Grant Thornton UK LLP,R4430,COR001,Audit Fees,14/01/2013,"£32,487.00"
http://statistics.data.gov.uk/id/local-authority-district/23UB,Cheltenham Borough Council,14009179,894,Greenway Partnership Limited T/A GPL Building Services,R2004,CPK001,R & M of Build Programmed,25/01/2013,£865.00
http://statistics.data.gov.uk/id/local-authority-district/23UB,Cheltenham Borough Council,14009956,901,Greenway Partnership Limited T/A GPL Building Services,C1107,CAH016,Building Works,14/01/2013,£748.00
http://statistics.data.gov.uk/id/local-authority-district/23UB,Cheltenham Borough Council,14010151,915,Greenway Partnership Limited T/A GPL Building Services,R2085,ADB101,R&M of Fix & Fit - Internal,14/01/2013,£880.00
http://statistics.data.gov.uk/id/local-authority-district/23UB,Cheltenham Borough Council,14010439,951,Greenway Partnership Limited T/A GPL Building Services,R2077,REC101,R&M of Build - internal structures,25/01/2013,"£2,025.00"
http://statistics.data.gov.uk/id/local-authority-district/23UB,Cheltenham Borough Council,14009510,972,Greenway Partnership Limited T/A GPL Building Services,R4003,OPS001,Tools & Equipment - R & M,04/01/2013,"£2,490.00"
http://statistics.data.gov.uk/id/local-authority-district/23UB,Cheltenham Borough Council,14009902,989,Greenway Partnership Limited T/A GPL Building Services,R2079,REC101,Sanitary and Plumbing,14/01/2013,£757.36
http://statistics.data.gov.uk/id/local-authority-district/23UB,Cheltenham Borough Council,14010152,996,Greenway Partnership Limited T/A GPL Building Services,R2078,REC101,R&M of Build - external structures,22/01/2013,"£2,407.50"
http://statistics.data.gov.uk/id/local-authority-district/23UB,Cheltenham Borough Council,14010144,1285,Group Creative Limited,R4014,REC101,Marketing,25/01/2013,"£1,950.00"
http://statistics.data.gov.uk/id/local-authority-district/23UB,Cheltenham Borough Council,14009687,7561,Halarose Limited,R4531,ELE001,IT - Purchase of Software,04/01/2013,"£4,849.47"
http://statistics.data.gov.uk/id/local-authority-district/23UB,Cheltenham Borough Council,14009687,7561,Halarose Limited,R4531,ELE002,IT - Purchase of Software,04/01/2013,"£4,849.46"
http://statistics.data.gov.uk/id/local-authority-district/23UB,Cheltenham Borough Council,14010581,9014913,Haymarket Publishing Services Limited,R4701,DEV001,Subscriptions,25/01/2013,"£1,025.00"
http://statistics.data.gov.uk/id/local-authority-district/23UB,Cheltenham Borough Council,14010580,9014914,Haymarket Publishing Services Limited,R4701,DEV001,Subscriptions,25/01/2013,£495.00
http://statistics.data.gov.uk/id/local-authority-district/23UB,Cheltenham Borough Council,14010350,SIAL/00062026,Herefordshire Housing Limited,R4445,HRA110,Communal Alarms - Monitoring & Maintenance,22/01/2013,£506.35
http://statistics.data.gov.uk/id/local-authority-district/23UB,Cheltenham Borough Council,14010357,SIAL/00062054,Herefordshire Housing Limited,R4445,HRA110,Communal Alarms - Monitoring & Maintenance,22/01/2013,£479.70
http://statistics.data.gov.uk/id/local-authority-district/23UB,Cheltenham Borough Council,14010349,SIAL/00062071,Herefordshire Housing Limited,R4445,HRA110,Communal Alarms - Monitoring & Maintenance,22/01/2013,"£5,358.00"
http://statistics.data.gov.uk/id/local-authority-district/23UB,Cheltenham Borough Council,14009820,12869,Hitched Limited,R4317,CUL102,Non Staff Advertising,14/01/2013,£549.00
http://statistics.data.gov.uk/id/local-authority-district/23UB,Cheltenham Borough Council,14009525,7060,Ian Johnson Associates Limited,C6002,CAP121,Fees - Agency,14/01/2013,"£1,469.70"
http://statistics.data.gov.uk/id/local-authority-district/23UB,Cheltenham Borough Council,14010651,150062AD12,Ian Williams Limited,R2060,HRA100,R & M of Build Cyclical Painting Communal Areas,25/01/2013,"£33,966.34"
http://statistics.data.gov.uk/id/local-authority-district/23UB,Cheltenham Borough Council,14010283,8330,Industrial Medical & Safety Services (IMASS) Limited,R4401,SUP003,Services - Fees and Charges,22/01/2013,"£2,100.83"
http://statistics.data.gov.uk/id/local-authority-district/23UB,Cheltenham Borough Council,14010565,66628,Inspiring Business Performance Limited,R4400,COR001,Services - Professional Fees,25/01/2013,£695.00
http://statistics.data.gov.uk/id/local-authority-district/23UB,Cheltenham Borough Council,14010486,1050,Jayson R C Bayliss,R2075,ENF102,Grounds Maintenance - Contract,25/01/2013,"£1,400.00"
http://statistics.data.gov.uk/id/local-authority-district/23UB,Cheltenham Borough Council,14010179,CHAIRING MSG AND PREPARATION,Jim Claydon - Planner,R4400,PLP101,Services - Professional Fees,22/01/2013,£673.35
http://statistics.data.gov.uk/id/local-authority-district/23UB,Cheltenham Borough Council,14009561,4598,JS Facilities Group Limited,R2705,ADB103,Security Systems,04/01/2013,£450.00
http://statistics.data.gov.uk/id/local-authority-district/23UB,Cheltenham Borough Council,14010582,4599,JS Facilities Group Limited,R4401,CPK001,Services - Fees and Charges,25/01/2013,"£2,695.00"
http://statistics.data.gov.uk/id/local-authority-district/23UB,Cheltenham Borough Council,14009689,4706,JS Facilities Group Limited,R4401,CCR001,Services - Fees and Charges,04/01/2013,£625.00
http://statistics.data.gov.uk/id/local-authority-district/23UB,Cheltenham Borough Council,14009681,4719,JS Facilities Group Limited,R4401,CPK001,Services - Fees and Charges,04/01/2013,"£1,210.00"
http://statistics.data.gov.uk/id/local-authority-district/23UB,Cheltenham Borough Council,14009681,4719,JS Facilities Group Limited,R4401,CPK001,Services - Fees and Charges,04/01/2013,£950.00
http://statistics.data.gov.uk/id/local-authority-district/23UB,Cheltenham Borough Council,14009681,4719,JS Facilities Group Limited,R4401,CPK001,Services - Fees and Charges,04/01/2013,£360.00
http://statistics.data.gov.uk/id/local-authority-district/23UB,Cheltenham Borough Council,14009681,4719,JS Facilities Group Limited,R7006,PUT101,Property Services,04/01/2013,£156.00
http://statistics.data.gov.uk/id/local-authority-district/23UB,Cheltenham Borough Council,14010226,4765,JS Facilities Group Limited,R4401,REC101,Services - Fees and Charges,22/01/2013,£855.00
http://statistics.data.gov.uk/id/local-authority-district/23UB,Cheltenham Borough Council,14010131,4770,JS Facilities Group Limited,R2705,ADB103,Security Systems,25/01/2013,£535.00
http://statistics.data.gov.uk/id/local-authority-district/23UB,Cheltenham Borough Council,14009562,3397,Land Agents Limited T/A Hamiltons,R4401,FIE040,Services - Fees and Charges,04/01/2013,£450.00
http://statistics.data.gov.uk/id/local-authority-district/23UB,Cheltenham Borough Council,14010513,100274,Learning Resources International Limited (LRI),R1650,SUP020,Training Expenses,25/01/2013,"£1,472.00"
http://statistics.data.gov.uk/id/local-authority-district/23UB,Cheltenham Borough Council,14009895,SIN0000441/A,Low Carbon Exchange (LCX Solar Limited),C1107,CAH032,Building Works,14/01/2013,"£3,285.40"
http://statistics.data.gov.uk/id/local-authority-district/23UB,Cheltenham Borough Council,14009880,SIN00004425/A,Low Carbon Exchange (LCX Solar Limited),C1107,CAH032,Building Works,14/01/2013,"£3,285.40"
http://statistics.data.gov.uk/id/local-authority-district/23UB,Cheltenham Borough Council,14009879,SIN00004426/A,Low Carbon Exchange (LCX Solar Limited),C1107,CAH032,Building Works,14/01/2013,"£3,285.40"
http://statistics.data.gov.uk/id/local-authority-district/23UB,Cheltenham Borough Council,14009881,SIN00004427/A,Low Carbon Exchange (LCX Solar Limited),C1107,CAH032,Building Works,14/01/2013,"£2,553.53"
http://statistics.data.gov.uk/id/local-authority-district/23UB,Cheltenham Borough Council,14009882,SIN00004428/A,Low Carbon Exchange (LCX Solar Limited),C1107,CAH023,Building Works,14/01/2013,"£3,048.94"
http://statistics.data.gov.uk/id/local-authority-district/23UB,Cheltenham Borough Council,14009883,SIN00004429/A,Low Carbon Exchange (LCX Solar Limited),C1107,CAH032,Building Works,14/01/2013,"£3,285.40"
http://statistics.data.gov.uk/id/local-authority-district/23UB,Cheltenham Borough Council,14009884,SIN00004430/A,Low Carbon Exchange (LCX Solar Limited),C1107,CAH032,Building Works,14/01/2013,"£3,285.40"
http://statistics.data.gov.uk/id/local-authority-district/23UB,Cheltenham Borough Council,14009885,SIN00004431/A,Low Carbon Exchange (LCX Solar Limited),C1107,CAH032,Building Works,14/01/2013,"£3,285.40"
http://statistics.data.gov.uk/id/local-authority-district/23UB,Cheltenham Borough Council,14009886,SIN00004432/A,Low Carbon Exchange (LCX Solar Limited),C1107,CAH032,Building Works,14/01/2013,"£2,733.53"
http://statistics.data.gov.uk/id/local-authority-district/23UB,Cheltenham Borough Council,14009887,SIN00004433/A,Low Carbon Exchange (LCX Solar Limited),C1107,CAH032,Building Works,14/01/2013,"£2,733.53"
http://statistics.data.gov.uk/id/local-authority-district/23UB,Cheltenham Borough Council,14009888,SIN00004434/A,Low Carbon Exchange (LCX Solar Limited),C1107,CAH032,Building Works,14/01/2013,"£3,285.40"
http://statistics.data.gov.uk/id/local-authority-district/23UB,Cheltenham Borough Council,14009889,SIN00004435/A,Low Carbon Exchange (LCX Solar Limited),C1107,CAH032,Building Works,14/01/2013,"£3,285.40"
http://statistics.data.gov.uk/id/local-authority-district/23UB,Cheltenham Borough Council,14009890,SIN00004436/A,Low Carbon Exchange (LCX Solar Limited),C1107,CAH032,Building Works,14/01/2013,"£3,285.40"
http://statistics.data.gov.uk/id/local-authority-district/23UB,Cheltenham Borough Council,14009891,SIN00004437/A,Low Carbon Exchange (LCX Solar Limited),C1107,CAH032,Building Works,14/01/2013,"£3,285.40"
http://statistics.data.gov.uk/id/local-authority-district/23UB,Cheltenham Borough Council,14009892,SIN00004438/A,Low Carbon Exchange (LCX Solar Limited),C1107,CAH032,Building Works,14/01/2013,"£3,285.40"
http://statistics.data.gov.uk/id/local-authority-district/23UB,Cheltenham Borough Council,14009893,SIN00004439/A,Low Carbon Exchange (LCX Solar Limited),C1107,CAH032,Building Works,14/01/2013,"£3,285.40"
http://statistics.data.gov.uk/id/local-authority-district/23UB,Cheltenham Borough Council,14009894,SIN00004440/A,Low Carbon Exchange (LCX Solar Limited),C1107,CAH032,Building Works,14/01/2013,"£3,285.40"
http://statistics.data.gov.uk/id/local-authority-district/23UB,Cheltenham Borough Council,14010588,SIN00004442/A,Low Carbon Exchange (LCX Solar Limited),C1107,CAH032,Building Works,25/01/2013,"£3,285.40"
http://statistics.data.gov.uk/id/local-authority-district/23UB,Cheltenham Borough Council,14010589,SIN00004443/A,Low Carbon Exchange (LCX Solar Limited),C1107,CAH032,Building Works,25/01/2013,"£3,285.40"
http://statistics.data.gov.uk/id/local-authority-district/23UB,Cheltenham Borough Council,14010590,SIN00004444/A,Low Carbon Exchange (LCX Solar Limited),C1107,CAH032,Building Works,25/01/2013,"£3,285.40"
http://statistics.data.gov.uk/id/local-authority-district/23UB,Cheltenham Borough Council,14010592,SIN00004445/A,Low Carbon Exchange (LCX Solar Limited),C1107,CAH032,Building Works,25/01/2013,"£3,285.40"
http://statistics.data.gov.uk/id/local-authority-district/23UB,Cheltenham Borough Council,14010539,SIN00004446/A,Low Carbon Exchange (LCX Solar Limited),C1107,CAH032,Building Works,25/01/2013,"£3,285.40"
http://statistics.data.gov.uk/id/local-authority-district/23UB,Cheltenham Borough Council,14010594,SIN00004447/A,Low Carbon Exchange (LCX Solar Limited),C1107,CAH032,Building Works,25/01/2013,"£3,285.40"
http://statistics.data.gov.uk/id/local-authority-district/23UB,Cheltenham Borough Council,14010596,SIN00004448/A,Low Carbon Exchange (LCX Solar Limited),C1107,CAH032,Building Works,25/01/2013,"£3,285.40"
http://statistics.data.gov.uk/id/local-authority-district/23UB,Cheltenham Borough Council,14010597,SIN00004449/A,Low Carbon Exchange (LCX Solar Limited),C1107,CAH032,Building Works,25/01/2013,"£3,285.40"
http://statistics.data.gov.uk/id/local-authority-district/23UB,Cheltenham Borough Council,14010599,SIN00004450/A,Low Carbon Exchange (LCX Solar Limited),C1107,CAH032,Building Works,25/01/2013,"£3,285.40"
http://statistics.data.gov.uk/id/local-authority-district/23UB,Cheltenham Borough Council,14010600,SIN00004451/A,Low Carbon Exchange (LCX Solar Limited),C1107,CAH032,Building Works,25/01/2013,"£3,285.40"
http://statistics.data.gov.uk/id/local-authority-district/23UB,Cheltenham Borough Council,14010601,SIN00004452/A,Low Carbon Exchange (LCX Solar Limited),C1107,CAH032,Building Works,25/01/2013,"£3,285.40"
http://statistics.data.gov.uk/id/local-authority-district/23UB,Cheltenham Borough Council,14010595,SIN00004453/A,Low Carbon Exchange (LCX Solar Limited),C1107,CAH032,Building Works,25/01/2013,"£3,285.40"
http://statistics.data.gov.uk/id/local-authority-district/23UB,Cheltenham Borough Council,14010603,SIN00004454/A,Low Carbon Exchange (LCX Solar Limited),C1107,CAH032,Building Works,25/01/2013,"£3,285.40"
http://statistics.data.gov.uk/id/local-authority-district/23UB,Cheltenham Borough Council,14010604,SIN00004455/A,Low Carbon Exchange (LCX Solar Limited),C1107,CAH032,Building Works,25/01/2013,"£3,285.40"
http://statistics.data.gov.uk/id/local-authority-district/23UB,Cheltenham Borough Council,14010557,SIN00004458/A,Low Carbon Exchange (LCX Solar Limited),C1107,CAH032,Building Works,25/01/2013,"£3,285.40"
http://statistics.data.gov.uk/id/local-authority-district/23UB,Cheltenham Borough Council,14010556,SIN00004459/A,Low Carbon Exchange (LCX Solar Limited),C1107,CAH032,Building Works,25/01/2013,"£3,285.40"
http://statistics.data.gov.uk/id/local-authority-district/23UB,Cheltenham Borough Council,14010555,SIN00004460/A,Low Carbon Exchange (LCX Solar Limited),C1107,CAH032,Building Works,25/01/2013,"£3,285.40"
http://statistics.data.gov.uk/id/local-authority-district/23UB,Cheltenham Borough Council,14010554,SIN00004461/A,Low Carbon Exchange (LCX Solar Limited),C1107,CAH032,Building Works,25/01/2013,"£3,285.40"
http://statistics.data.gov.uk/id/local-authority-district/23UB,Cheltenham Borough Council,14010553,SIN00004462/A,Low Carbon Exchange (LCX Solar Limited),C1107,CAH032,Building Works,25/01/2013,"£3,285.40"
http://statistics.data.gov.uk/id/local-authority-district/23UB,Cheltenham Borough Council,14010552,SIN00004463/A,Low Carbon Exchange (LCX Solar Limited),C1107,CAH032,Building Works,25/01/2013,"£3,285.40"
http://statistics.data.gov.uk/id/local-authority-district/23UB,Cheltenham Borough Council,14010551,SIN00004470/A,Low Carbon Exchange (LCX Solar Limited),C1107,CAH032,Building Works,25/01/2013,"£3,285.40"
http://statistics.data.gov.uk/id/local-authority-district/23UB,Cheltenham Borough Council,14010550,SIN00004471/A,Low Carbon Exchange (LCX Solar Limited),C1107,CAH032,Building Works,25/01/2013,"£3,285.40"
http://statistics.data.gov.uk/id/local-authority-district/23UB,Cheltenham Borough Council,14010549,SIN00004472/A,Low Carbon Exchange (LCX Solar Limited),C1107,CAH032,Building Works,25/01/2013,"£3,048.94"
http://statistics.data.gov.uk/id/local-authority-district/23UB,Cheltenham Borough Council,14010548,SIN00004473/1,Low Carbon Exchange (LCX Solar Limited),C1107,CAH032,Building Works,25/01/2013,"£3,285.40"
http://statistics.data.gov.uk/id/local-authority-district/23UB,Cheltenham Borough Council,14010547,SIN00004474/A,Low Carbon Exchange (LCX Solar Limited),C1107,CAH032,Building Works,25/01/2013,"£3,285.40"
http://statistics.data.gov.uk/id/local-authority-district/23UB,Cheltenham Borough Council,14010546,SIN00004475/A,Low Carbon Exchange (LCX Solar Limited),C1107,CAH032,Building Works,25/01/2013,"£3,285.40"
http://statistics.data.gov.uk/id/local-authority-district/23UB,Cheltenham Borough Council,14010545,SIN00004476/A,Low Carbon Exchange (LCX Solar Limited),C1107,CAH032,Building Works,25/01/2013,"£3,285.40"
http://statistics.data.gov.uk/id/local-authority-district/23UB,Cheltenham Borough Council,14010544,SIN00004477/A,Low Carbon Exchange (LCX Solar Limited),C1107,CAH032,Building Works,25/01/2013,"£3,285.40"
http://statistics.data.gov.uk/id/local-authority-district/23UB,Cheltenham Borough Council,14010543,SIN00004478/A,Low Carbon Exchange (LCX Solar Limited),C1107,CAH032,Building Works,25/01/2013,"£3,285.40"
http://statistics.data.gov.uk/id/local-authority-district/23UB,Cheltenham Borough Council,14010542,SIN00004479/A,Low Carbon Exchange (LCX Solar Limited),C1107,CAH032,Building Works,25/01/2013,"£3,285.40"
http://statistics.data.gov.uk/id/local-authority-district/23UB,Cheltenham Borough Council,14010540,SIN00004480/A,Low Carbon Exchange (LCX Solar Limited),C1107,CAH032,Building Works,25/01/2013,"£3,285.40"
http://statistics.data.gov.uk/id/local-authority-district/23UB,Cheltenham Borough Council,14010541,SIN00004483/A,Low Carbon Exchange (LCX Solar Limited),C1107,CAH032,Building Works,25/01/2013,"£3,980.20"
http://statistics.data.gov.uk/id/local-authority-district/23UB,Cheltenham Borough Council,14009750,C21673,Mansell Construction Services Limited,C1107,CAH007,Building Works,14/01/2013,"£20,883.09"
http://statistics.data.gov.uk/id/local-authority-district/23UB,Cheltenham Borough Council,14006184,101798,Maple Rock Design Limited,R4300,PLP102,Printing - Services,14/01/2013,£967.40
http://statistics.data.gov.uk/id/local-authority-district/23UB,Cheltenham Borough Council,14010503,101887,Maple Rock Design Limited,R4014,ECD001,Marketing,25/01/2013,£435.00
http://statistics.data.gov.uk/id/local-authority-district/23UB,Cheltenham Borough Council,14009803,131768,Matta Products (UK) Limited,R2075,ENF102,Grounds Maintenance - Contract,04/01/2013,"£1,539.85"
http://statistics.data.gov.uk/id/local-authority-district/23UB,Cheltenham Borough Council,14009804,131792,Matta Products (UK) Limited,R2075,ENF102,Grounds Maintenance - Contract,04/01/2013,"£3,012.75"
http://statistics.data.gov.uk/id/local-authority-district/23UB,Cheltenham Borough Council,14009523,1491,Meaco Measurement & Control Limited,R2009,CUL107,R & M of Plant Health & Safety,04/01/2013,"£1,113.00"
http://statistics.data.gov.uk/id/local-authority-district/23UB,Cheltenham Borough Council,14009732,1 HOWELL ROAD,Mears Home Improvements (Client Account),C1107,CAH028,Building Works,04/01/2013,"£5,200.36"
http://statistics.data.gov.uk/id/local-authority-district/23UB,Cheltenham Borough Council,14010524,17 MONKSCROFT,Mears Home Improvements (Client Account),C1107,CAH028,Building Works,25/01/2013,"£5,326.80"
http://statistics.data.gov.uk/id/local-authority-district/23UB,Cheltenham Borough Council,14010290,34 BRIDGE STREET,Mears Home Improvements (Client Account),C1107,CAH028,Building Works,22/01/2013,"£16,145.68"
http://statistics.data.gov.uk/id/local-authority-district/23UB,Cheltenham Borough Council,14010666,6 KIMBERLEY WALK,Mears Home Improvements (Client Account),C1107,CAH028,Building Works,25/01/2013,"£1,300.00"
http://statistics.data.gov.uk/id/local-authority-district/23UB,Cheltenham Borough Council,14009347,161629,Medway Galvanising Company Limited,C4000,CAP102,Acquisition of Equipment,04/01/2013,£831.92
http://statistics.data.gov.uk/id/local-authority-district/23UB,Cheltenham Borough Council,14009960,201212,Mr J Sureda,R4401,CCM001,Services - Fees and Charges,14/01/2013,£806.62
http://statistics.data.gov.uk/id/local-authority-district/23UB,Cheltenham Borough Council,14009922,AREXT/00135324,National Express Limited,R4901,HLD120,Commission,14/01/2013,£863.34
http://statistics.data.gov.uk/id/local-authority-district/23UB,Cheltenham Borough Council,14009496,116,Nature First Limited,R2070,HRA110,Tree Work,14/01/2013,£600.00
http://statistics.data.gov.uk/id/local-authority-district/23UB,Cheltenham Borough Council,14010491,582099,No5 Chambers,R4400,PLP101,Services - Professional Fees,25/01/2013,"£5,000.00"
http://statistics.data.gov.uk/id/local-authority-district/23UB,Cheltenham Borough Council,14010320,57919230,Northcliffe Media Limted,R4014,CUL110,Marketing,22/01/2013,£268.96
http://statistics.data.gov.uk/id/local-authority-district/23UB,Cheltenham Borough Council,14010320,57919230,Northcliffe Media Limted,R4014,CUL110,Marketing,22/01/2013,£78.96
http://statistics.data.gov.uk/id/local-authority-district/23UB,Cheltenham Borough Council,14010320,57919230,Northcliffe Media Limted,R4014,CUL110,Marketing,22/01/2013,£78.96
http://statistics.data.gov.uk/id/local-authority-district/23UB,Cheltenham Borough Council,14010320,57919230,Northcliffe Media Limted,R4014,CUL110,Marketing,22/01/2013,£78.96
http://statistics.data.gov.uk/id/local-authority-district/23UB,Cheltenham Borough Council,14010320,57919230,Northcliffe Media Limted,R4014,CUL110,Marketing,22/01/2013,£78.96
http://statistics.data.gov.uk/id/local-authority-district/23UB,Cheltenham Borough Council,14008981,NS2836,Novatron Scientific Limited,R4028,CUL107,Collections,04/01/2013,£650.00
http://statistics.data.gov.uk/id/local-authority-district/23UB,Cheltenham Borough Council,14009709,7958 36028 20,NPower,R2100,HRA120,Electricity,04/01/2013,"£1,124.66"
http://statistics.data.gov.uk/id/local-authority-district/23UB,Cheltenham Borough Council,14010467,58577,Nupik-Flo UK Limited,R4000,REC101,Equipment Purchase,25/01/2013,£558.00
http://statistics.data.gov.uk/id/local-authority-district/23UB,Cheltenham Borough Council,14009774,509129,OpenView Security Solutions Limited,R4436,CCT001,CCTV Line Rental,14/01/2013,"£1,419.17"
http://statistics.data.gov.uk/id/local-authority-district/23UB,Cheltenham Borough Council,14009773,509130,OpenView Security Solutions Limited,R4436,CCT001,CCTV Line Rental,14/01/2013,"£1,419.17"
http://statistics.data.gov.uk/id/local-authority-district/23UB,Cheltenham Borough Council,14009478,124,P C Irrigation,R2085,OPS101,R&M of Fix & Fit - Internal,04/01/2013,£537.48
http://statistics.data.gov.uk/id/local-authority-district/23UB,Cheltenham Borough Council,14009478,124,P C Irrigation,R2085,OPS101,R&M of Fix & Fit - Internal,04/01/2013,£450.00
http://statistics.data.gov.uk/id/local-authority-district/23UB,Cheltenham Borough Council,14009502,8707144,Pace Fuelcare Limited,R3001,ADB103,Diesel,04/01/2013,"£40,023.32"
http://statistics.data.gov.uk/id/local-authority-district/23UB,Cheltenham Borough Council,14010572,UK58496,Parkeon Limited,R4401,CPK001,Services - Fees and Charges,25/01/2013,"£5,800.00"
http://statistics.data.gov.uk/id/local-authority-district/23UB,Cheltenham Borough Council,14009772,UK58663,Parkeon Limited,R4400,CPK001,Services - Professional Fees,22/01/2013,£756.30
http://statistics.data.gov.uk/id/local-authority-district/23UB,Cheltenham Borough Council,14009552,3186,Patrol,R4401,CPK012,Services - Fees and Charges,04/01/2013,"£2,094.60"
http://statistics.data.gov.uk/id/local-authority-district/23UB,Cheltenham Borough Council,14009790,31-Dec,Paul Smith Associates,R2075,OPS001,Grounds Maintenance - Contract,14/01/2013,"£1,750.00"
http://statistics.data.gov.uk/id/local-authority-district/23UB,Cheltenham Borough Council,14009939,M4101,Peak Hire Limited,R4001,CUL110,Tools & Equipment - Hire,14/01/2013,£584.80
http://statistics.data.gov.uk/id/local-authority-district/23UB,Cheltenham Borough Council,14009943,M4103,Peak Hire Limited,R4001,CUL110,Tools & Equipment - Hire,14/01/2013,"£1,000.00"
http://statistics.data.gov.uk/id/local-authority-district/23UB,Cheltenham Borough Council,14010468,2462,Pipeline Logistics Limited,R2071,OPS002,Open Spaces and Grassed Areas,22/01/2013,£705.85
http://statistics.data.gov.uk/id/local-authority-district/23UB,Cheltenham Borough Council,14009680,BL04650152,Pitney Bowes Finance Limited (Machine Rental),R4002,SUP024,Tools & Equipment - Lease/Rental,04/01/2013,£375.49
http://statistics.data.gov.uk/id/local-authority-district/23UB,Cheltenham Borough Council,14009680,BL04650152,Pitney Bowes Finance Limited (Machine Rental),R4003,SUP024,Tools & Equipment - R & M,04/01/2013,£122.15
http://statistics.data.gov.uk/id/local-authority-district/23UB,Cheltenham Borough Council,14009747,114043,Rainer Security Products Limited,C1107,CAH005,Building Works,22/01/2013,£963.50
http://statistics.data.gov.uk/id/local-authority-district/23UB,Cheltenham Borough Council,14010343,3267,RE Personnel Limited T/A REP Security Limited,R4409,CCR001,Partnership Staff Fees,22/01/2013,"£1,331.25"
http://statistics.data.gov.uk/id/local-authority-district/23UB,Cheltenham Borough Council,14010559,3273,RE Personnel Limited T/A REP Security Limited,R4409,CCR001,Partnership Staff Fees,25/01/2013,"£1,807.50"
http://statistics.data.gov.uk/id/local-authority-district/23UB,Cheltenham Borough Council,14010288,87190526,Ricoh UK Limited,R4304,SUP022,Photocopier Operating Lease,22/01/2013,"£5,570.83"
http://statistics.data.gov.uk/id/local-authority-district/23UB,Cheltenham Borough Council,14010287,87222335,Ricoh UK Limited,R4533,SUP005,IT - Repair and Maint,22/01/2013,"£1,341.47"
http://statistics.data.gov.uk/id/local-authority-district/23UB,Cheltenham Borough Council,14009793,68611,Rider Levett Bucknall UK Limited (RLB),C1005,CAP204,Surveyors Fees,22/01/2013,"£1,562.50"
http://statistics.data.gov.uk/id/local-authority-district/23UB,Cheltenham Borough Council,14009522,QL/411/CBC/I/14,Ross Quality Control Limited,C6002,CAP121,Fees - Agency,14/01/2013,£900.00
http://statistics.data.gov.uk/id/local-authority-district/23UB,Cheltenham Borough Council,14010148,QL/411/CBC/I/15,Ross Quality Control Limited,C6002,CAP121,Fees - Agency,22/01/2013,"£2,700.00"
http://statistics.data.gov.uk/id/local-authority-district/23UB,Cheltenham Borough Council,14009896,9041194670,Royal Mail,R4521,CUL107,Postages - franking machine,14/01/2013,£153.76
http://statistics.data.gov.uk/id/local-authority-district/23UB,Cheltenham Borough Council,14009896,9041194670,Royal Mail,R4521,RYC002,Postages - franking machine,14/01/2013,£9.61
http://statistics.data.gov.uk/id/local-authority-district/23UB,Cheltenham Borough Council,14009896,9041194670,Royal Mail,R4521,TOU002,Postages - franking machine,14/01/2013,£79.45
http://statistics.data.gov.uk/id/local-authority-district/23UB,Cheltenham Borough Council,14009896,9041194670,Royal Mail,R4521,SUP012,Postages - franking machine,14/01/2013,£610.70
http://statistics.data.gov.uk/id/local-authority-district/23UB,Cheltenham Borough Council,14009896,9041194670,Royal Mail,R4521,SUP040,Postages - franking machine,14/01/2013,£327.58
http://statistics.data.gov.uk/id/local-authority-district/23UB,Cheltenham Borough Council,14009314,9041304283,Royal Mail,R4520,ELE001,Postages - stamps,04/01/2013,£15.67
http://statistics.data.gov.uk/id/local-authority-district/23UB,Cheltenham Borough Council,14009314,9041304283,Royal Mail,R4520,ELE001,Postages - stamps,04/01/2013,£9.83
http://statistics.data.gov.uk/id/local-authority-district/23UB,Cheltenham Borough Council,14009314,9041304283,Royal Mail,R4520,ELE008,Postages - stamps,04/01/2013,"£1,479.13"
http://statistics.data.gov.uk/id/local-authority-district/23UB,Cheltenham Borough Council,14010253,9041458319,Royal Mail,R4521,ELE001,Postages - franking machine,22/01/2013,£71.69
http://statistics.data.gov.uk/id/local-authority-district/23UB,Cheltenham Borough Council,14010253,9041458319,Royal Mail,R4521,COR002,Postages - franking machine,22/01/2013,£2.36
http://statistics.data.gov.uk/id/local-authority-district/23UB,Cheltenham Borough Council,14010253,9041458319,Royal Mail,R4521,RYC002,Postages - franking machine,22/01/2013,£23.56
http://statistics.data.gov.uk/id/local-authority-district/23UB,Cheltenham Borough Council,14010253,9041458319,Royal Mail,R4521,SUP012,Postages - franking machine,22/01/2013,£422.22
http://statistics.data.gov.uk/id/local-authority-district/23UB,Cheltenham Borough Council,14010253,9041458319,Royal Mail,R4521,OPS004,Postages - franking machine,22/01/2013,£230.02
http://statistics.data.gov.uk/id/local-authority-district/23UB,Cheltenham Borough Council,14010253,9041458319,Royal Mail,R4521,SUP040,Postages - franking machine,22/01/2013,£302.44
http://statistics.data.gov.uk/id/local-authority-district/23UB,Cheltenham Borough Council,14010253,9041458319,Royal Mail,R4521,TOU002,Postages - franking machine,22/01/2013,£36.68
http://statistics.data.gov.uk/id/local-authority-district/23UB,Cheltenham Borough Council,14010562,9041724429,Royal Mail,R4521,SUP040,Postages - franking machine,25/01/2013,£193.57
http://statistics.data.gov.uk/id/local-authority-district/23UB,Cheltenham Borough Council,14010562,9041724429,Royal Mail,R4521,TOU002,Postages - franking machine,25/01/2013,£49.80
http://statistics.data.gov.uk/id/local-authority-district/23UB,Cheltenham Borough Council,14010562,9041724429,Royal Mail,R4521,SUP012,Postages - franking machine,25/01/2013,£454.05
http://statistics.data.gov.uk/id/local-authority-district/23UB,Cheltenham Borough Council,14010562,9041724429,Royal Mail,R4521,RYC002,Postages - franking machine,25/01/2013,£935.59
http://statistics.data.gov.uk/id/local-authority-district/23UB,Cheltenham Borough Council,14010562,9041724429,Royal Mail,R4521,SUP018,Postages - franking machine,25/01/2013,£25.16
http://statistics.data.gov.uk/id/local-authority-district/23UB,Cheltenham Borough Council,14010562,9041724429,Royal Mail,R4521,CUL107,Postages - franking machine,25/01/2013,£79.49
http://statistics.data.gov.uk/id/local-authority-district/23UB,Cheltenham Borough Council,14010562,9041724429,Royal Mail,R4010,OPS004,Materials - Other Materials,25/01/2013,£235.42
http://statistics.data.gov.uk/id/local-authority-district/23UB,Cheltenham Borough Council,14010307,272,SAS EPC,R2018,HRA100,R & M of Build Voids Energy Performance Certificates,25/01/2013,£670.00
http://statistics.data.gov.uk/id/local-authority-district/23UB,Cheltenham Borough Council,14010262,92771132,Sector Treasury Services Limited,R4400,COR006,Services - Professional Fees,22/01/2013,"£12,500.00"
http://statistics.data.gov.uk/id/local-authority-district/23UB,Cheltenham Borough Council,14009690,387772,Security Plus+ Limited,R4435,SUP014,Cash Collection Contract,04/01/2013,£259.28
http://statistics.data.gov.uk/id/local-authority-district/23UB,Cheltenham Borough Council,14009690,387772,Security Plus+ Limited,R4435,CPK002,Cash Collection Contract,04/01/2013,"£1,518.04"
http://statistics.data.gov.uk/id/local-authority-district/23UB,Cheltenham Borough Council,14009322,891110881,Severn Trent Water,R2400,HRA110,Water Services - Unmetered,04/01/2013,"£1,226.54"
http://statistics.data.gov.uk/id/local-authority-district/23UB,Cheltenham Borough Council,14009563,9450020175,Severn Trent Water,R2402,REC101,Sewerage and Environmental Services,04/01/2013,"£1,365.00"
http://statistics.data.gov.uk/id/local-authority-district/23UB,Cheltenham Borough Council,14010605,9450020175 020113,Severn Trent Water,R2402,REC101,Sewerage and Environmental Services,25/01/2013,"£1,365.00"
http://statistics.data.gov.uk/id/local-authority-district/23UB,Cheltenham Borough Council,14010261,O0304169,Sitex Orbis Limited,R2102,HRA100,Oil,25/01/2013,"£1,047.03"
http://statistics.data.gov.uk/id/local-authority-district/23UB,Cheltenham Borough Council,14010397,2535,Sparklin Facilities Management Limited,R2700,FIE040,Contract Cleaning,25/01/2013,£444.00
http://statistics.data.gov.uk/id/local-authority-district/23UB,Cheltenham Borough Council,14010221,OP/L591054,Specialist Computer Centres Plc (SCC),C4006,CAP010,Computer Implementation,22/01/2013,"£11,752.00"
http://statistics.data.gov.uk/id/local-authority-district/23UB,Cheltenham Borough Council,14010220,OP/L591056,Specialist Computer Centres Plc (SCC),C4006,CAP010,Computer Implementation,22/01/2013,"£25,566.00"
http://statistics.data.gov.uk/id/local-authority-district/23UB,Cheltenham Borough Council,14010217,OP/L591057,Specialist Computer Centres Plc (SCC),R4539,SUP017,IT - Consultancy,22/01/2013,"£27,040.00"
http://statistics.data.gov.uk/id/local-authority-district/23UB,Cheltenham Borough Council,14010218,OP/L591058,Specialist Computer Centres Plc (SCC),R4539,SUP017,IT - Consultancy,22/01/2013,"£4,518.00"
http://statistics.data.gov.uk/id/local-authority-district/23UB,Cheltenham Borough Council,14010278,321345435/0049,SSE - Southern Electric (Bill payments),R2100,CCT001,Electricity,22/01/2013,£445.32
http://statistics.data.gov.uk/id/local-authority-district/23UB,Cheltenham Borough Council,14009864,511298564/0029,SSE - Southern Electric (Bill payments),R2100,HRA120,Electricity,14/01/2013,"£1,097.49"
http://statistics.data.gov.uk/id/local-authority-district/23UB,Cheltenham Borough Council,14010327,20307,Stark Software International Limited,R2106,SUP025,Energy Consrvation,25/01/2013,£422.43
http://statistics.data.gov.uk/id/local-authority-district/23UB,Cheltenham Borough Council,14010190,SI-181218,Straight plc,R4000,RYC006,Equipment Purchase,25/01/2013,"£9,536.10"
http://statistics.data.gov.uk/id/local-authority-district/23UB,Cheltenham Borough Council,14010190,SI-181218,Straight plc,R4000,RYC004,Equipment Purchase,25/01/2013,"£4,029.90"
http://statistics.data.gov.uk/id/local-authority-district/23UB,Cheltenham Borough Council,14009918,29,Sue Brown (Artist),R4401,OPS005,Services - Fees and Charges,14/01/2013,£550.00
http://statistics.data.gov.uk/id/local-authority-district/23UB,Cheltenham Borough Council,14007724,2730,System Six Design & Build,B8730,BAL200,Capital Receipts Reserve - contribution to admin costs of disposals,25/01/2013,£375.50
http://statistics.data.gov.uk/id/local-authority-district/23UB,Cheltenham Borough Council,14007724,2730,System Six Design & Build,B8730,BAL200,Capital Receipts Reserve - contribution to admin costs of disposals,25/01/2013,£375.50
http://statistics.data.gov.uk/id/local-authority-district/23UB,Cheltenham Borough Council,14009779,2806,System Six Design & Build,R2700,REC101,Contract Cleaning,04/01/2013,£217.50
http://statistics.data.gov.uk/id/local-authority-district/23UB,Cheltenham Borough Council,14009779,2806,System Six Design & Build,R2700,REC101,Contract Cleaning,04/01/2013,£217.50
http://statistics.data.gov.uk/id/local-authority-district/23UB,Cheltenham Borough Council,14010631,2830,System Six Design & Build,R2700,CCM001,Contract Cleaning,25/01/2013,£300.00
http://statistics.data.gov.uk/id/local-authority-district/23UB,Cheltenham Borough Council,14010631,2830,System Six Design & Build,R2700,CCM001,Contract Cleaning,25/01/2013,£300.00
http://statistics.data.gov.uk/id/local-authority-district/23UB,Cheltenham Borough Council,14010634,2833,System Six Design & Build,R2700,CUL102,Contract Cleaning,25/01/2013,£212.50
http://statistics.data.gov.uk/id/local-authority-district/23UB,Cheltenham Borough Council,14010634,2833,System Six Design & Build,R2700,CUL102,Contract Cleaning,25/01/2013,£212.50
http://statistics.data.gov.uk/id/local-authority-district/23UB,Cheltenham Borough Council,14010633,2834,System Six Design & Build,R2700,ADB101,Contract Cleaning,25/01/2013,£300.00
http://statistics.data.gov.uk/id/local-authority-district/23UB,Cheltenham Borough Council,14010633,2834,System Six Design & Build,R2700,ADB101,Contract Cleaning,25/01/2013,£300.00
http://statistics.data.gov.uk/id/local-authority-district/23UB,Cheltenham Borough Council,14009733,21 KIPLING ROAD,T P G Disable Aids Limited (TPG),C5000,CAP221,Grants,04/01/2013,"£5,618.00"
http://statistics.data.gov.uk/id/local-authority-district/23UB,Cheltenham Borough Council,14010661,236 PRIORS ROAD,T P G Disable Aids Limited (TPG),C5000,CAP221,Grants,25/01/2013,"£1,796.00"
http://statistics.data.gov.uk/id/local-authority-district/23UB,Cheltenham Borough Council,14010662,26 SALAMANCA ROAD,T P G Disable Aids Limited (TPG),C1107,CAH028,Building Works,25/01/2013,"£3,755.00"
http://statistics.data.gov.uk/id/local-authority-district/23UB,Cheltenham Borough Council,14010107,27 ISMAY ROAD,T P G Disable Aids Limited (TPG),C5000,CAP221,Grants,14/01/2013,"£1,795.00"
http://statistics.data.gov.uk/id/local-authority-district/23UB,Cheltenham Borough Council,14010108,54 PENRIRITH ROAD,T P G Disable Aids Limited (TPG),C5000,CAP221,Grants,14/01/2013,"£1,200.00"
http://statistics.data.gov.uk/id/local-authority-district/23UB,Cheltenham Borough Council,14009934,DEBT101846,Tewkesbury Borough Council,R4400,SUP017,Services - Professional Fees,14/01/2013,£419.00
http://statistics.data.gov.uk/id/local-authority-district/23UB,Cheltenham Borough Council,14010333,DEBT101853,Tewkesbury Borough Council,R4400,SUP017,Services - Professional Fees,22/01/2013,£448.50
http://statistics.data.gov.uk/id/local-authority-district/23UB,Cheltenham Borough Council,14010500,DEBT101865,Tewkesbury Borough Council,R4401,FIE040,Services - Fees and Charges,25/01/2013,£902.72
http://statistics.data.gov.uk/id/local-authority-district/23UB,Cheltenham Borough Council,14010502,DEBT101876,Tewkesbury Borough Council,R4400,PLP101,Services - Professional Fees,25/01/2013,"£3,500.00"
http://statistics.data.gov.uk/id/local-authority-district/23UB,Cheltenham Borough Council,14010501,DEBT101877,Tewkesbury Borough Council,R4400,PLP101,Services - Professional Fees,25/01/2013,"£7,000.00"
http://statistics.data.gov.uk/id/local-authority-district/23UB,Cheltenham Borough Council,14010188,SUBSCRIPTION,The Federation of Burial and Cremation Authorities (FBCA),R4701,CCM001,Subscriptions,25/01/2013,£61.20
http://statistics.data.gov.uk/id/local-authority-district/23UB,Cheltenham Borough Council,14010188,SUBSCRIPTION,The Federation of Burial and Cremation Authorities (FBCA),R4701,CCM001,Subscriptions,25/01/2013,£724.50
http://statistics.data.gov.uk/id/local-authority-district/23UB,Cheltenham Borough Council,14010518,8.50E+11,The Midcounties Co-operative,R4401,SUP013,Services - Fees and Charges,22/01/2013,£207.02
http://statistics.data.gov.uk/id/local-authority-district/23UB,Cheltenham Borough Council,14009512,31,The Open West Limited,R4013,CUL107,Exhibition Supplies,14/01/2013,"£1,500.00"
http://statistics.data.gov.uk/id/local-authority-district/23UB,Cheltenham Borough Council,14010643,BD2013001728,The Premiere Polish Company Limited T/A Premiere Products,R4009,FIE040,Materials - Cleaning Materials,25/01/2013,£440.14
http://statistics.data.gov.uk/id/local-authority-district/23UB,Cheltenham Borough Council,14010525,33 LIME CLOSE,The Surveying Practice - Client Account,C5000,CAP221,Grants,25/01/2013,"£6,789.38"
http://statistics.data.gov.uk/id/local-authority-district/23UB,Cheltenham Borough Council,14010523,7 REDDINGS ROAD.,The Surveying Practice - Client Account,C1107,CAH028,Building Works,25/01/2013,"£5,137.02"
http://statistics.data.gov.uk/id/local-authority-district/23UB,Cheltenham Borough Council,14009533,6018,Total Star,R4300,CUL110,Printing - Services,04/01/2013,£425.00
http://statistics.data.gov.uk/id/local-authority-district/23UB,Cheltenham Borough Council,14010312,6088,Total Star,R4300,CUL110,Printing - Services,22/01/2013,£425.00
http://statistics.data.gov.uk/id/local-authority-district/23UB,Cheltenham Borough Council,14009940,12177,Trevor G Tipple,R4000,CUL102,Equipment Purchase,22/01/2013,£580.00
http://statistics.data.gov.uk/id/local-authority-district/23UB,Cheltenham Borough Council,14009801,102851,Tudor Environmental,R2075,OPS001,Grounds Maintenance - Contract,04/01/2013,£441.77
http://statistics.data.gov.uk/id/local-authority-district/23UB,Cheltenham Borough Council,14009751,3IN/10210922,Tunstall Healthcare (UK) Limited,R4000,HRA110,Equipment Purchase,14/01/2013,£479.52
http://statistics.data.gov.uk/id/local-authority-district/23UB,Cheltenham Borough Council,14010409,60000657,Ubico Limited,R3041,CCM001,Transport Dept Charges,25/01/2013,"£1,891.67"
http://statistics.data.gov.uk/id/local-authority-district/23UB,Cheltenham Borough Council,14010409,60000657,Ubico Limited,R3041,REC101,Transport Dept Charges,25/01/2013,£41.67
http://statistics.data.gov.uk/id/local-authority-district/23UB,Cheltenham Borough Council,14010409,60000657,Ubico Limited,R3041,CPK001,Transport Dept Charges,25/01/2013,£475.00
http://statistics.data.gov.uk/id/local-authority-district/23UB,Cheltenham Borough Council,14010409,60000657,Ubico Limited,R3041,DRM010,Transport Dept Charges,25/01/2013,£41.67
http://statistics.data.gov.uk/id/local-authority-district/23UB,Cheltenham Borough Council,14010409,60000657,Ubico Limited,R3041,SUP039,Transport Dept Charges,25/01/2013,£416.67
http://statistics.data.gov.uk/id/local-authority-district/23UB,Cheltenham Borough Council,14010409,60000657,Ubico Limited,R3041,OPS001,Transport Dept Charges,25/01/2013,£266.67
http://statistics.data.gov.uk/id/local-authority-district/23UB,Cheltenham Borough Council,14010409,60000657,Ubico Limited,R3041,CPK011,Transport Dept Charges,25/01/2013,£191.67
http://statistics.data.gov.uk/id/local-authority-district/23UB,Cheltenham Borough Council,14010584,4000743,Underley Furnishings Limited T/A Furnished Homes,R4005,HOM001,Furniture - Purchases,25/01/2013,"£2,288.00"
http://statistics.data.gov.uk/id/local-authority-district/23UB,Cheltenham Borough Council,14010222,12043804,Unit4 Business Software,C4006,CAP010,Computer Implementation,22/01/2013,"£1,000.00"
http://statistics.data.gov.uk/id/local-authority-district/23UB,Cheltenham Borough Council,14010478,4507,Universal Events Services Limited t/a Event Staff,R4425,CUL110,Professional Fees,25/01/2013,£984.00
http://statistics.data.gov.uk/id/local-authority-district/23UB,Cheltenham Borough Council,14009524,4098125,University of Gloucestershire,R4401,CUL106,Services - Fees and Charges,14/01/2013,"£7,175.00"
http://statistics.data.gov.uk/id/local-authority-district/23UB,Cheltenham Borough Council,14010498,4099083,University of Gloucestershire,R1650,SUP018,Training Expenses,25/01/2013,£650.00
http://statistics.data.gov.uk/id/local-authority-district/23UB,Cheltenham Borough Council,14009708,CHL00159,Verrus (UK) Limited (Pay By Phone),R4401,CPK001,Services - Fees and Charges,04/01/2013,£17.83
http://statistics.data.gov.uk/id/local-authority-district/23UB,Cheltenham Borough Council,14009708,CHL00159,Verrus (UK) Limited (Pay By Phone),R4401,CPK001,Services - Fees and Charges,04/01/2013,£68.58
http://statistics.data.gov.uk/id/local-authority-district/23UB,Cheltenham Borough Council,14009708,CHL00159,Verrus (UK) Limited (Pay By Phone),R4401,CPK001,Services - Fees and Charges,04/01/2013,£31.67
http://statistics.data.gov.uk/id/local-authority-district/23UB,Cheltenham Borough Council,14009708,CHL00159,Verrus (UK) Limited (Pay By Phone),R4401,CPK012,Services - Fees and Charges,04/01/2013,£45.60
http://statistics.data.gov.uk/id/local-authority-district/23UB,Cheltenham Borough Council,14009708,CHL00159,Verrus (UK) Limited (Pay By Phone),R4401,CPK001,Services - Fees and Charges,04/01/2013,£64.17
http://statistics.data.gov.uk/id/local-authority-district/23UB,Cheltenham Borough Council,14009708,CHL00159,Verrus (UK) Limited (Pay By Phone),R4401,CPK001,Services - Fees and Charges,04/01/2013,£76.67
http://statistics.data.gov.uk/id/local-authority-district/23UB,Cheltenham Borough Council,14009708,CHL00159,Verrus (UK) Limited (Pay By Phone),R4401,CPK001,Services - Fees and Charges,04/01/2013,£117.17
http://statistics.data.gov.uk/id/local-authority-district/23UB,Cheltenham Borough Council,14009708,CHL00159,Verrus (UK) Limited (Pay By Phone),R4401,CPK012,Services - Fees and Charges,04/01/2013,£7.40
http://statistics.data.gov.uk/id/local-authority-district/23UB,Cheltenham Borough Council,14009708,CHL00159,Verrus (UK) Limited (Pay By Phone),R4401,CPK001,Services - Fees and Charges,04/01/2013,£35.00
http://statistics.data.gov.uk/id/local-authority-district/23UB,Cheltenham Borough Council,14009708,CHL00159,Verrus (UK) Limited (Pay By Phone),R4401,CPK001,Services - Fees and Charges,04/01/2013,£24.42
http://statistics.data.gov.uk/id/local-authority-district/23UB,Cheltenham Borough Council,14009708,CHL00159,Verrus (UK) Limited (Pay By Phone),R4401,CPK012,Services - Fees and Charges,04/01/2013,£87.60
http://statistics.data.gov.uk/id/local-authority-district/23UB,Cheltenham Borough Council,14009708,CHL00159,Verrus (UK) Limited (Pay By Phone),R4401,CPK012,Services - Fees and Charges,04/01/2013,£67.70
http://statistics.data.gov.uk/id/local-authority-district/23UB,Cheltenham Borough Council,14009708,CHL00159,Verrus (UK) Limited (Pay By Phone),R4401,CPK001,Services - Fees and Charges,04/01/2013,£171.75
http://statistics.data.gov.uk/id/local-authority-district/23UB,Cheltenham Borough Council,14009708,CHL00159,Verrus (UK) Limited (Pay By Phone),R4401,CPK001,Services - Fees and Charges,04/01/2013,£99.92
http://statistics.data.gov.uk/id/local-authority-district/23UB,Cheltenham Borough Council,14009708,CHL00159,Verrus (UK) Limited (Pay By Phone),R4401,CPK001,Services - Fees and Charges,04/01/2013,£173.08
http://statistics.data.gov.uk/id/local-authority-district/23UB,Cheltenham Borough Council,14009708,CHL00159,Verrus (UK) Limited (Pay By Phone),R4401,CPK012,Services - Fees and Charges,04/01/2013,£9.40
http://statistics.data.gov.uk/id/local-authority-district/23UB,Cheltenham Borough Council,14009708,CHL00159,Verrus (UK) Limited (Pay By Phone),R4401,CPK012,Services - Fees and Charges,04/01/2013,£12.50
http://statistics.data.gov.uk/id/local-authority-district/23UB,Cheltenham Borough Council,14009708,CHL00159,Verrus (UK) Limited (Pay By Phone),R4401,CPK001,Services - Fees and Charges,04/01/2013,£76.92
http://statistics.data.gov.uk/id/local-authority-district/23UB,Cheltenham Borough Council,14009708,CHL00159,Verrus (UK) Limited (Pay By Phone),R4401,CPK001,Services - Fees and Charges,04/01/2013,£1.42
http://statistics.data.gov.uk/id/local-authority-district/23UB,Cheltenham Borough Council,14009708,CHL00159,Verrus (UK) Limited (Pay By Phone),R4401,CPK001,Services - Fees and Charges,04/01/2013,£221.50
http://statistics.data.gov.uk/id/local-authority-district/23UB,Cheltenham Borough Council,14009708,CHL00159,Verrus (UK) Limited (Pay By Phone),R4401,CPK012,Services - Fees and Charges,04/01/2013,£53.70
http://statistics.data.gov.uk/id/local-authority-district/23UB,Cheltenham Borough Council,14009708,CHL00159,Verrus (UK) Limited (Pay By Phone),R4401,CPK012,Services - Fees and Charges,04/01/2013,£20.80
http://statistics.data.gov.uk/id/local-authority-district/23UB,Cheltenham Borough Council,14009708,CHL00159,Verrus (UK) Limited (Pay By Phone),R4401,CPK012,Services - Fees and Charges,04/01/2013,£109.50
http://statistics.data.gov.uk/id/local-authority-district/23UB,Cheltenham Borough Council,14009708,CHL00159,Verrus (UK) Limited (Pay By Phone),R4401,CPK012,Services - Fees and Charges,04/01/2013,£14.90
http://statistics.data.gov.uk/id/local-authority-district/23UB,Cheltenham Borough Council,14009708,CHL00159,Verrus (UK) Limited (Pay By Phone),R4401,CPK012,Services - Fees and Charges,04/01/2013,£4.70
http://statistics.data.gov.uk/id/local-authority-district/23UB,Cheltenham Borough Council,14009708,CHL00159,Verrus (UK) Limited (Pay By Phone),R4401,CPK012,Services - Fees and Charges,04/01/2013,£23.90
http://statistics.data.gov.uk/id/local-authority-district/23UB,Cheltenham Borough Council,14009708,CHL00159,Verrus (UK) Limited (Pay By Phone),R4401,CPK012,Services - Fees and Charges,04/01/2013,£34.90
http://statistics.data.gov.uk/id/local-authority-district/23UB,Cheltenham Borough Council,14009708,CHL00159,Verrus (UK) Limited (Pay By Phone),R4401,CPK012,Services - Fees and Charges,04/01/2013,£8.80
http://statistics.data.gov.uk/id/local-authority-district/23UB,Cheltenham Borough Council,14009708,CHL00159,Verrus (UK) Limited (Pay By Phone),R4401,CPK001,Services - Fees and Charges,04/01/2013,£217.58
http://statistics.data.gov.uk/id/local-authority-district/23UB,Cheltenham Borough Council,14009708,CHL00159,Verrus (UK) Limited (Pay By Phone),R4401,CPK103,Services - Fees and Charges,04/01/2013,£46.08
http://statistics.data.gov.uk/id/local-authority-district/23UB,Cheltenham Borough Council,14009422,INPK/104086,Western Power Distribution,R2001,CPK012,R & M of Fix & Fit - General,14/01/2013,£480.95
http://statistics.data.gov.uk/id/local-authority-district/23UB,Cheltenham Borough Council,14009539,SL813,Whaddon Lynworth & Priors Neighbourhood Project,R6280,COM001,Grants,04/01/2013,£500.00
http://statistics.data.gov.uk/id/local-authority-district/23UB,Cheltenham Borough Council,14010470,66,William Taylor (Film Maker),R4013,CUL107,Exhibition Supplies,25/01/2013,"£1,000.00"
http://statistics.data.gov.uk/id/local-authority-district/23UB,Cheltenham Borough Council,14010208,LAC4,WOM Events Limited t/a Mega Roller Disco,R9329,REC101,Sports Hall Hire,22/01/2013,£736.96
http://statistics.data.gov.uk/id/local-authority-district/23UB,Cheltenham Borough Council,14009511,4000488,XN Leisure Systems Limited,R4401,REC101,Services - Fees and Charges,04/01/2013,£550.00
http://statistics.data.gov.uk/id/local-authority-district/23UB,Cheltenham Borough Council,14009813,4000505,XN Leisure Systems Limited,R4000,REC101,Equipment Purchase,14/01/2013,"£1,400.00"
http://statistics.data.gov.uk/id/local-authority-district/23UB,Cheltenham Borough Council,14009682,15102012,ZobbWorks T/A G H Knight,R6280,CUL001,Grants,14/01/2013,"£1,000.00"
http://statistics.data.gov.uk/id/local-authority-district/23UB,Cheltenham Borough Council,14009758,I-0186479,Zoggs International Limited,R4011,REC101,Goods For Reasle,04/01/2013,£79.20
http://statistics.data.gov.uk/id/local-authority-district/23UB,Cheltenham Borough Council,14009758,I-0186479,Zoggs International Limited,R4011,REC101,Goods For Reasle,04/01/2013,"£2,529.00"
http://statistics.data.gov.uk/id/local-authority-district/23UB,Cheltenham Borough Council,14009758,I-0186479,Zoggs International Limited,R4011,REC101,Goods For Reasle,04/01/2013,-£379.35
http://statistics.data.gov.uk/id/local-authority-district/23UB,Cheltenham Borough Council,N/A,N/A,VIRGIN MEDIA,R4504,SUP006,Fxd Telephone-Telephone ,02/01/2013,£776.50
http://statistics.data.gov.uk/id/local-authority-district/23UB,Cheltenham Borough Council,N/A,N/A,VIRGIN MEDIA,R4505,SUP006,Fxd Telephone-Telephone Fxd Chg,02/01/2013,£146.80
http://statistics.data.gov.uk/id/local-authority-district/23UB,Cheltenham Borough Council,N/A,N/A,VIRGIN MEDIA,R4504,SUP006,Fxd Telephone-Telephone ,02/01/2013,"£1,389.04"
http://statistics.data.gov.uk/id/local-authority-district/23UB,Cheltenham Borough Council,N/A,N/A,VIRGIN MEDIA,R4505,SUP006,Fxd Telephone-Telephone Fxd Chg,02/01/2013,£564.93
http://statistics.data.gov.uk/id/local-authority-district/23UB,Cheltenham Borough Council,N/A,N/A,CORONA GAS,R2101,OPS002,Sports & Open Space Gas,07/01/2013,"£1,604.33"
http://statistics.data.gov.uk/id/local-authority-district/23UB,Cheltenham Borough Council,N/A,N/A,CORONA GAS,R2101,ADB101,Muni Off Gas,07/01/2013,"£3,063.39"
http://statistics.data.gov.uk/id/local-authority-district/23UB,Cheltenham Borough Council,N/A,N/A,CORONA GAS,R2101,ADB103,Central Depot Gas,07/01/2013,"£2,928.47"
http://statistics.data.gov.uk/id/local-authority-district/23UB,Cheltenham Borough Council,N/A,N/A,CORONA GAS,R2101,CUL102,Town Hall Gas,07/01/2013,"£2,898.94"
http://statistics.data.gov.uk/id/local-authority-district/23UB,Cheltenham Borough Council,N/A,N/A,CORONA GAS,R2101,REC101,Rec Centre Gas,07/01/2013,"£14,816.68"
http://statistics.data.gov.uk/id/local-authority-district/23UB,Cheltenham Borough Council,N/A,N/A,CORONA GAS,R2101,CUL107,Chelt AGM Gas,07/01/2013,"£1,327.26"
http://statistics.data.gov.uk/id/local-authority-district/23UB,Cheltenham Borough Council,N/A,N/A,CORONA GAS,R2101,HRA120,Estate Services Gas,07/01/2013,"£7,607.01"
http://statistics.data.gov.uk/id/local-authority-district/23UB,Cheltenham Borough Council,N/A,N/A,CORONA GAS,R2101,CUL103,Pump Room Gas,07/01/2013,£753.71
http://statistics.data.gov.uk/id/local-authority-district/23UB,Cheltenham Borough Council,N/A,N/A,CORONA GAS,R2101,CCM001,Crematorium Gas,07/01/2013,"£5,336.68"
http://statistics.data.gov.uk/id/local-authority-district/23UB,Cheltenham Borough Council,N/A,N/A,CORONA GAS,R2101,OPS101,Nursery Gas,07/01/2013,"£1,217.00"
http://statistics.data.gov.uk/id/local-authority-district/23UB,Cheltenham Borough Council,N/A,N/A,CORONA GAS,R2101,FIE040,Stanton room Gas,07/01/2013,"£1,206.13"
http://statistics.data.gov.uk/id/local-authority-district/23UB,Cheltenham Borough Council,N/A,N/A,CORONA GAS,R2101,HRA110,Area office Edinburgh Hse gas,07/01/2013,£324.82
http://statistics.data.gov.uk/id/local-authority-district/23UB,Cheltenham Borough Council,N/A,N/A,ROYAL MAIL,R4520,LTC001,C/Tax Postage,09/01/2013,"£1,815.01"
http://statistics.data.gov.uk/id/local-authority-district/23UB,Cheltenham Borough Council,N/A,N/A,ROYAL MAIL,R4520,HBA001,Housing Benefits Stamps,10/01/2013,"£1,326.34"
http://statistics.data.gov.uk/id/local-authority-district/23UB,Cheltenham Borough Council,N/A,N/A,BARCLAYS MERCHANT CHG,R9352,CPK001,CAR Park Off St,10/01/2013,"£2,223.60"
http://statistics.data.gov.uk/id/local-authority-district/23UB,Cheltenham Borough Council,N/A,N/A,BT,R4504,SUP005,ICT Rental,11/01/2013,£292.79
http://statistics.data.gov.uk/id/local-authority-district/23UB,Cheltenham Borough Council,N/A,N/A,BT,R4504,SUP014,Cashiers Telephone Rental,11/01/2013,£244.92
http://statistics.data.gov.uk/id/local-authority-district/23UB,Cheltenham Borough Council,N/A,N/A,BT,R4504,ADB101,Muni Off Sec Sys,11/01/2013,£51.60
http://statistics.data.gov.uk/id/local-authority-district/23UB,Cheltenham Borough Council,N/A,N/A,BT,R2715,ADB103,Depot Building Sec Sys,11/01/2013,£51.60
http://statistics.data.gov.uk/id/local-authority-district/23UB,Cheltenham Borough Council,N/A,N/A,BT,R5001,EMP001,Civil Emergency Planning,11/01/2013,£51.60
http://statistics.data.gov.uk/id/local-authority-district/23UB,Cheltenham Borough Council,N/A,N/A,BT,R4436,CPK001,Car Pk Off St Tel CCTV,11/01/2013,"£2,643.80"
http://statistics.data.gov.uk/id/local-authority-district/23UB,Cheltenham Borough Council,N/A,N/A,BT,R4504,PUT102,Shopmobility Tel,11/01/2013,£204.63
http://statistics.data.gov.uk/id/local-authority-district/23UB,Cheltenham Borough Council,N/A,N/A,BT,R4504,CCM001,Cementery Tel,11/01/2013,£212.07
http://statistics.data.gov.uk/id/local-authority-district/23UB,Cheltenham Borough Council,N/A,N/A,BT,R4505,HRA110,Sheltered Housing Tel,11/01/2013,£738.51
http://statistics.data.gov.uk/id/local-authority-district/23UB,Cheltenham Borough Council,N/A,N/A,BT,R4504,HRA110,Sheltered Housing Tel,11/01/2013,"£1,280.89"
http://statistics.data.gov.uk/id/local-authority-district/23UB,Cheltenham Borough Council,N/A,N/A,BT,R4505,REC101,Rec Facilities Tel,11/01/2013,£217.18
http://statistics.data.gov.uk/id/local-authority-district/23UB,Cheltenham Borough Council,N/A,N/A,BT,R4505,OPS001,Parks & Gardens,11/01/2013,£51.60
http://statistics.data.gov.uk/id/local-authority-district/23UB,Cheltenham Borough Council,N/A,N/A,BT,R4505,CUL103,Pump Room Tel,11/01/2013,£165.32
http://statistics.data.gov.uk/id/local-authority-district/23UB,Cheltenham Borough Council,N/A,N/A,BT,R4504,CUL107,AGM Div Tel,11/01/2013,£53.77
http://statistics.data.gov.uk/id/local-authority-district/23UB,Cheltenham Borough Council,N/A,N/A,BT,R4504,HLD101,CBH InterCo a/c,11/01/2013,£51.60
http://statistics.data.gov.uk/id/local-authority-district/23UB,Cheltenham Borough Council,N/A,N/A,BT,R4504,CUL102,Town Hall Tel,11/01/2013,£979.45
http://statistics.data.gov.uk/id/local-authority-district/23UB,Cheltenham Borough Council,N/A,N/A,BT,R4504,HLD102,Ubico Inter co Tel,11/01/2013,£129.11
http://statistics.data.gov.uk/id/local-authority-district/23UB,Cheltenham Borough Council,N/A,N/A,CARDNET SVC CHG,R4428,COR006,CBC Credit Card Chg,15/01/2013,£30.41
http://statistics.data.gov.uk/id/local-authority-district/23UB,Cheltenham Borough Council,N/A,N/A,CARDNET SVC CHG,R4428,COR006,CBC Credit Card Chg,15/01/2013,£91.77
http://statistics.data.gov.uk/id/local-authority-district/23UB,Cheltenham Borough Council,N/A,N/A,CARDNET SVC CHG,R4428,HLD140,Town Hall Credit Card Chg,15/01/2013,£460.68
http://statistics.data.gov.uk/id/local-authority-district/23UB,Cheltenham Borough Council,N/A,N/A,CARDNET SVC CHG,R4428,HLD140,Town Hall Credit Card Chg,15/01/2013,£635.31
http://statistics.data.gov.uk/id/local-authority-district/23UB,Cheltenham Borough Council,N/A,N/A,CARDNET SVC CHG,R4428,TAC101,AGM Credit Card Chg,15/01/2013,£23.30
http://statistics.data.gov.uk/id/local-authority-district/23UB,Cheltenham Borough Council,N/A,N/A,CARDNET SVC CHG,R4428,COR006,CBC Credit Card Chg,15/01/2013,£887.07
http://statistics.data.gov.uk/id/local-authority-district/23UB,Cheltenham Borough Council,N/A,N/A,CARDNET SVC CHG,R4428,REC101,Leisure Credit Card chg,15/01/2013,£738.04
http://statistics.data.gov.uk/id/local-authority-district/23UB,Cheltenham Borough Council,N/A,N/A,CARDNET SVC CHG,R4428,COR006,CBC Credit Card Chg,15/01/2013,£870.95
http://statistics.data.gov.uk/id/local-authority-district/23UB,Cheltenham Borough Council,N/A,N/A,ORANGE,R4504,SUP006,Telephone Rental,21/01/2013,£604.92
http://statistics.data.gov.uk/id/local-authority-district/23UB,Cheltenham Borough Council,N/A,N/A,NPOWER,R2100,ADB103,Elec Depot,21/01/2013,"£4,030.59"
http://statistics.data.gov.uk/id/local-authority-district/23UB,Cheltenham Borough Council,N/A,N/A,NPOWER,R2100,REC101,Elec Leisure @,21/01/2013,"£2,405.16"
http://statistics.data.gov.uk/id/local-authority-district/23UB,Cheltenham Borough Council,N/A,N/A,NPOWER,R2100,REC101,Elec Leisure @,21/01/2013,"£3,297.78"
http://statistics.data.gov.uk/id/local-authority-district/23UB,Cheltenham Borough Council,N/A,N/A,NPOWER,R2100,CUL102,Elec Town Hall,21/01/2013,"£3,467.16"
http://statistics.data.gov.uk/id/local-authority-district/23UB,Cheltenham Borough Council,N/A,N/A,NPOWER,R2100,ADB101,Elec Municipal Offices,21/01/2013,"£5,493.62"
http://statistics.data.gov.uk/id/local-authority-district/23UB,Cheltenham Borough Council,N/A,N/A,STREAMLINE,R4428,CPK001,Card Chg Car Pk Off St,21/01/2013,"£1,583.35"
http://statistics.data.gov.uk/id/local-authority-district/23UB,Cheltenham Borough Council,N/A,N/A,SEVERN TRENT,R2401,ADB103,DepotWater,24/01/2013,£791.32
http://statistics.data.gov.uk/id/local-authority-district/23UB,Cheltenham Borough Council,N/A,N/A,SEVERN TRENT,R2402,ADB103,Depot Water,24/01/2013,"£1,158.46"
http://statistics.data.gov.uk/id/local-authority-district/23UB,Cheltenham Borough Council,N/A,N/A,SEVERN TRENT,R2402,REC101,Leisure Credit Water,24/01/2013,"£1,560.75"
http://statistics.data.gov.uk/id/local-authority-district/23UB,Cheltenham Borough Council,N/A,N/A,SEVERN TRENT,R2402,PUT101,Royal Well Water,24/01/2013,£158.78
http://statistics.data.gov.uk/id/local-authority-district/23UB,Cheltenham Borough Council,N/A,N/A,SEVERN TRENT,R2402,FIE040,Investment Prop Water,24/01/2013,£8.91
http://statistics.data.gov.uk/id/local-authority-district/23UB,Cheltenham Borough Council,N/A,N/A,SEVERN TRENT,R2402,REG019,Public Conv Sewerage & Env Serv,24/01/2013,£8.91
http://statistics.data.gov.uk/id/local-authority-district/23UB,Cheltenham Borough Council,N/A,N/A,SEVERN TRENT,R2401,ADB101,Muni Off Water Rates Metered,24/01/2013,£342.46
http://statistics.data.gov.uk/id/local-authority-district/23UB,Cheltenham Borough Council,N/A,N/A,SEVERN TRENT,R2402,ADB101,Muni Off Water Rates Metered,24/01/2013,£365.46
http://statistics.data.gov.uk/id/local-authority-district/23UB,Cheltenham Borough Council,N/A,N/A,SEVERN TRENT,R2401,OPS001,Parks & Gardens Water,24/01/2013,£26.01
http://statistics.data.gov.uk/id/local-authority-district/23UB,Cheltenham Borough Council,N/A,N/A,SEVERN TRENT,R2402,CPK102,Car parks Off St Brewery Water,24/01/2013,£8.91
http://statistics.data.gov.uk/id/local-authority-district/23UB,Cheltenham Borough Council,N/A,N/A,SEVERN TRENT,R2401,CUL107,AGM Water,24/01/2013,£69.45
http://statistics.data.gov.uk/id/local-authority-district/23UB,Cheltenham Borough Council,N/A,N/A,SEVERN TRENT,R2402,CPK001,Car parks Off St ,24/01/2013,"£2,156.81"
http://statistics.data.gov.uk/id/local-authority-district/23UB,Cheltenham Borough Council,N/A,N/A,SEVERN TRENT,R2401,OPS004,Depot Water ,24/01/2013,£594.48
http://statistics.data.gov.uk/id/local-authority-district/23UB,Cheltenham Borough Council,N/A,N/A,SEVERN TRENT,R2401,OPS002,Allotments Water,24/01/2013,£278.99
http://statistics.data.gov.uk/id/local-authority-district/23UB,Cheltenham Borough Council,N/A,N/A,SEVERN TRENT,R2402,OPS002,Sports & Open Space Water,24/01/2013,£421.04
http://statistics.data.gov.uk/id/local-authority-district/23UB,Cheltenham Borough Council,N/A,N/A,SEVERN TRENT,R2402,HRA110,Edinburgh Hse Water,24/01/2013,£305.22
http://statistics.data.gov.uk/id/local-authority-district/23UB,Cheltenham Borough Council,N/A,N/A,SOUTHERN ELECTRIC,R2100,OPS002,Sports & Open Space Elec,24/01/2013,"£1,103.77"
http://statistics.data.gov.uk/id/local-authority-district/23UB,Cheltenham Borough Council,N/A,N/A,SOUTHERN ELECTRIC,R2100,OPS001,Parks & Gardens Elec,24/01/2013,£56.64
http://statistics.data.gov.uk/id/local-authority-district/23UB,Cheltenham Borough Council,N/A,N/A,SOUTHERN ELECTRIC,R2100,REG019,Public Conv Elec,24/01/2013,£184.18
http://statistics.data.gov.uk/id/local-authority-district/23UB,Cheltenham Borough Council,N/A,N/A,SOUTHERN ELECTRIC,R2100,ADB103,Depot elec,24/01/2013,£99.27
http://statistics.data.gov.uk/id/local-authority-district/23UB,Cheltenham Borough Council,N/A,N/A,SOUTHERN ELECTRIC,R2100,CPK001,Car Park Off St Elec,24/01/2013,"£1,783.84"
http://statistics.data.gov.uk/id/local-authority-district/23UB,Cheltenham Borough Council,N/A,N/A,SOUTHERN ELECTRIC,R2100,HRA110,Area office Edinburgh Hse Elec,24/01/2013,£885.49
http://statistics.data.gov.uk/id/local-authority-district/23UB,Cheltenham Borough Council,N/A,N/A,SOUTHERN ELECTRIC,R2100,CCM001,Cementary Elec,24/01/2013,£723.10
http://statistics.data.gov.uk/id/local-authority-district/23UB,Cheltenham Borough Council,N/A,N/A,SOUTHERN ELECTRIC,R2100,CUL107,AGM Elec,24/01/2013,"£1,732.99"
http://statistics.data.gov.uk/id/local-authority-district/23UB,Cheltenham Borough Council,N/A,N/A,SOUTHERN ELECTRIC,R2100,CUL103,Pittville Pump Rm Elec,24/01/2013,"£1,086.37"
http://statistics.data.gov.uk/id/local-authority-district/23UB,Cheltenham Borough Council,N/A,N/A,SOUTHERN ELECTRIC,R2100,OPS101,Arle Rd Nursery elec,24/01/2013,£363.04
http://statistics.data.gov.uk/id/local-authority-district/23UB,Cheltenham Borough Council,N/A,N/A,TWOFOLD,R4002,SUP024,Tools & Eq Postal,30/01/2013,£472.50
http://statistics.data.gov.uk/id/local-authority-district/23UB,Cheltenham Borough Council,N/A,N/A,TWOFOLD,R4003,SUP024,Tools & Eq Postal,30/01/2013,£208.43
